Report ID,Report Version,Reporting Entity,Report Type,Report Month,Report Year,Report Submission Date,VIN,VIN - Unknown,Serial Number,Make,Model,Model - Unknown,Model Year,Model Year - Unknown,Same Vehicle ID,Mileage,Mileage - Unknown,Driver / Operator Type,ADAS/ADS System Version,ADAS/ADS System Version - Unk,ADAS/ADS System Version CBI,ADAS/ADS Hardware Version,ADAS/ADS Hardware Version - Unk,ADAS/ADS Hardware Version CBI,ADAS/ADS Software Version,ADAS/ADS Software Version - Unk,ADAS/ADS Software Version CBI,Other Reporting Entities?,Other Reporting Entities? - Unk,Other Reporting Entities? - NA,Federal Regulatory Exemption?,Other Federal Reg. Exemption,Federal Reg. Exemption - Unk,Federal Reg. Exemption - No,State or Local Permit?,State or Local Permit,ADS Equipped?,Automation System Engaged?,Operating Entity,Operating Entity - Unknown,Source - Complaint/Claim,Source - Telematics,Source - Law Enforcement,Source - Field Report,Source - Testing,Source - Media,Source - Other,Source - Other Text,Incident Date,Incident Date - Unknown,Notice Received Date,Incident Time (24:00),Incident Time - Unknown,Same Incident ID,Latitude,Latitude - Unknown,Longitude,Longitude - Unknown,Address,Address - Unknown,City,City - Unknown,State,Zip Code,Zip Code - Unknown,Roadway Type,Roadway Surface,Roadway Description,Posted Speed Limit (MPH),Posted Speed Limit - Unknown,Lighting,Weather - Clear,Weather - Snow,Weather - Cloudy,Weather - Fog/Smoke,Weather - Rain,Weather - Severe Wind,Weather - Unknown,Weather - Other,Weather - Other Text,Crash With,Highest Injury Severity Alleged,Property Damage?,CP Pre-Crash Movement,CP Any Air Bags Deployed?,CP Was Vehicle Towed?,CP Contact Area - Rear Left,CP Contact Area - Left,CP Contact Area - Front Left,CP Contact Area - Rear,CP Contact Area - Top,CP Contact Area - Front,CP Contact Area - Rear Right,CP Contact Area - Right,CP Contact Area - Front Right,CP Contact Area - Bottom,CP Contact Area - Unknown,SV Pre-Crash Movement,SV Any Air Bags Deployed?,SV Was Vehicle Towed?,SV Were All Passengers Belted?,SV Precrash Speed (MPH),SV Pre-crash Speed - Unknown,SV Contact Area - Rear Left,SV Contact Area - Left,SV Contact Area - Front Left,SV Contact Area - Rear,SV Contact Area - Top,SV Contact Area - Front,SV Contact Area - Rear Right,SV Contact Area - Right,SV Contact Area - Front Right,SV Contact Area - Bottom,SV Contact Area - Unknown,Data Availability - EDR,Data Availability - Police Rpt,Data Availability - Telematics,Data Availability - Complaints,Data Availability - Video,Data Availability - Other,Data Availability - No Data,Data Availability - Unknown,Law Enforcement Investigating?,Investigating Agency,Investigating Agency - Unknown,Rep Ent Or Mfr Investigating?,Investigating Officer Name,Inv. Officer Name - Unknown,Investigating Officer Phone,Inv. Officer Phone - Unknown,Investigating Officer Email,Inv. Officer Email - Unknown,Within ODD?,Within ODD? - CBI,Narrative,Narrative - CBI?,hub_delta_v_less_than_1mph,hub_zip_code,hub_location,hub_crash_type,hub_is_police_reported,hub_is_any_injury_reported,data_period,reportable_v2,reportable_v3,filter_has_injury,filter_is_vru,filter_has_airbag,filter_has_tow,filter_is_5day_trigger,filter_is_single_vehicle,filter_waymo_struck_another,filter_deltav_over_1mph,filter_waymo_was_moving,filter_waymo_was_stationary
30270-6198,1,Waymo LLC,5-Day,,,SEP-2023,SADHW2S10M1, ,,Jaguar,I-Pace, ,2021.0, ,ed590c651fc2b4e,62818.0, ,,5th Generation, , ,5th Generation, , ,Version 8, , ,, ,Y,,, ,Y,Yes (specify below),ADOT,Yes,ADS,Waymo LLC, , ,Y, , , , , ,,AUG-2023, ,AUG-2023,20:56, ,d1a6990388a8f75,[MAY CONTAIN PERSONALLY IDENTIFIABLE INFORMATION], ,[MAY CONTAIN PERSONALLY IDENTIFIABLE INFORMATION], ,[MAY CONTAIN PERSONALLY IDENTIFIABLE INFORMATION], ,Phoenix, ,AZ ,[MAY CONTAIN PERSONALLY IDENTIFIABLE INFORMATION], ,Intersection,Dry,No Unusual Conditions,35.0, ,Dark - Lighted,Y, , , , , , , ,,Passenger Car,No Injuries Reported,No,Proceeding Straight,No,No, , , , , ,Y, , , , , ,Proceeding Straight,No,Yes,No Passengers in Vehicle,3.0, , , , ,Y, , , , , , , , , ,Y, ,Y,Y, , ,Unknown,,Y,Yes,,Y,,Y,,Y,Yes, ,"On August [XXX], 2023 at 8:56 PM PT a Waymo Autonomous Vehicle (""Waymo AV"") operating in Phoenix, Arizona was in a collision involving a passenger car on [XXX] at [XXX].
The Waymo AV was traveling westbound in the center lane on [XXX].  As the AV came to a stop for a red light at the intersection with [XXX], the front of the passenger car that was traveling behind the Waymo AV made contact with the rear of the Waymo AV. At the time of the impact, the Waymo AVs Level 4 ADS was engaged in autonomous mode. Both vehicles sustained damage.
Waymo is reporting this crash under Request No. 1 of Standing General Order 2021-01 because a vehicle involved was towed away. Waymo may supplement or correct its reporting with additional information as it may become available.", ,False,85015,PHOENIX,V2V F2R,True,False,prior_june16,True,True,False,False,False,True,True,False,False,True,True,False
30270-6335,1,Waymo LLC,Monthly,8.0,2023.0,SEP-2023,SADHW2S16M1, ,,Jaguar,I-Pace, ,2021.0, ,dd9c07aaa0d58c4,69522.0, ,,5th Generation ADS, , ,5th Generation, , ,Version 8, , ,, ,Y,,, ,Y,Yes (specify below),ADOT,Yes,ADS,Waymo LLC, , ,Y, , , , , ,,AUG-2023, ,AUG-2023,19:12, ,27afc2a81db4aa8,[MAY CONTAIN PERSONALLY IDENTIFIABLE INFORMATION], ,[MAY CONTAIN PERSONALLY IDENTIFIABLE INFORMATION], ,[MAY CONTAIN PERSONALLY IDENTIFIABLE INFORMATION], ,Phoenix, ,AZ ,[MAY CONTAIN PERSONALLY IDENTIFIABLE INFORMATION], ,Street,Dry,No Unusual Conditions,25.0, ,Daylight,Y, , , , , , , ,,Passenger Car,No Injuries Reported,Yes,Backing,No,No, , , ,Y, , ,Y, , , , ,Parked,No,No,No Passengers in Vehicle,0.0, , , , , , ,Y, , , , , , , ,Y, ,Y,Y, , ,No,, ,Yes,, ,, ,, ,Yes, ,"On August [XXX], 2023 at 7:12 PM PT a Waymo Autonomous Vehicle (""Waymo"") operating in Phoenix, Arizona was in a collision involving a passenger car on [XXX] at [XXX]. 
The Waymo AV was stationary adjacent to the curb on the south side of [XXX]. A passenger car which had been parked in front of the Waymo AV began reversing and the rear of the passenger car made contact with the front of the Waymo AV. The passenger car then left the scene. At the time of the impact, the Waymo's Level 4 ADS was engaged in autonomous mode. The Waymo AV sustained damage.
Waymo is reporting this crash under Request No. 2 of Standing General Order 2021-01. Waymo may supplement or correct its reporting with additional information as it may become available.", ,False,85008,PHOENIX,V2V Backing,False,False,prior_june16,False,True,False,False,False,False,False,False,False,True,False,True
30270-6337,1,Waymo LLC,Monthly,8.0,2023.0,SEP-2023,SADHW2S10M1, ,,Jaguar,I-Pace, ,2021.0, ,f6ce80fd458f116,63250.0, ,,5th Generation ADS, , ,5th Generation, , ,Version 8, , ,, ,Y,,, ,Y,Yes (specify below),ADOT,Yes,ADS,Waymo LLC, , ,Y, , , , , ,,AUG-2023, ,AUG-2023,15:36, ,355de6e32e411be,[MAY CONTAIN PERSONALLY IDENTIFIABLE INFORMATION], ,[MAY CONTAIN PERSONALLY IDENTIFIABLE INFORMATION], ,[MAY CONTAIN PERSONALLY IDENTIFIABLE INFORMATION], ,Mesa, ,AZ ,[MAY CONTAIN PERSONALLY IDENTIFIABLE INFORMATION], ,Street,Dry,No Unusual Conditions,25.0, ,Daylight,Y, , , , , , , ,,Pickup Truck,No Injuries Reported,Yes,Proceeding Straight,No,No, , , , , ,Y, , , , , ,Parked,No,No,No Passengers in Vehicle,0.0, , , , ,Y, , , , , , , , , ,Y, ,Y,Y, , ,No,, ,Yes,, ,, ,, ,Yes, ,"On August [XXX], 2023 at 3:36 PM PT a Waymo Autonomous Vehicle (""Waymo AV"") operating in Mesa, Arizona was in a collision involving a pickup truck on [XXX] at [XXX]. 
The Waymo AV was stationary adjacent to the curb on the West side of [XXX]. A pickup truck approached the Waymo from behind and slowed to a stop immediately behind the Waymo. The pickup truck then moved slowly forward until the front of the pickup truck was touching the rear of the Waymo AV. The pickup truck then slowly pushed into the rear of the Waymo AV for a few seconds before reversing, maneuvering around the Waymo AV, and leaving the scene. 
At the time of the impact, the Waymo AV's Level 4 ADS was engaged in autonomous mode. The Waymo AV sustained damage. 
Waymo is reporting this crash under Request No. 2 of Standing General Order 2021-01. Waymo may supplement or correct its reporting with additional information as it may become available.", ,False,85202,PHOENIX,V2V F2R,False,False,prior_june16,False,True,False,False,False,False,False,False,False,True,False,True
30270-6338,1,Waymo LLC,Monthly,8.0,2023.0,SEP-2023,SADHW2S19M1, ,,Jaguar,I-Pace, ,2021.0, ,9d9fb23eadb6334,50308.0, ,,5th Generation ADS, , ,5th Generation, , ,Version 8, , ,, ,Y,,, ,Y,Yes (specify below),ADOT,Yes,ADS,Waymo LLC, , ,Y, , , , , ,,AUG-2023, ,AUG-2023,19:23, ,f90c1db7893a4db,[MAY CONTAIN PERSONALLY IDENTIFIABLE INFORMATION], ,[MAY CONTAIN PERSONALLY IDENTIFIABLE INFORMATION], ,[MAY CONTAIN PERSONALLY IDENTIFIABLE INFORMATION], ,Phoenix, ,AZ ,[MAY CONTAIN PERSONALLY IDENTIFIABLE INFORMATION], ,Intersection,Dry,No Unusual Conditions,25.0, ,Dawn / Dusk,Y, , , , , , , ,,SUV,No Injuries Reported,Yes,Proceeding Straight,No,No, , ,Y, , , , , , , , ,Proceeding Straight,No,No,No Passengers in Vehicle,1.0, , , , , , , , , ,Y, , , , ,Y, ,Y,Y, , ,No,, ,Yes,, ,, ,, ,Yes, ,"On August [XXX], 2023 at 7:23 PM PT a Waymo Autonomous Vehicle (""Waymo AV"") operating in Phoenix, Arizona was in a collision involving an SUV on [XXX] at [XXX].
The Waymo AV was traveling north on [XXX] through the intersection with [XXX]. An SUV traveling West on [XXX] entered the intersection without stopping at the two-way stop sign on [XXX]. The Waymo AV slowed to a stop in the intersection and the front left corner of the SUV made contact with the front right corner of the Waymo AV. 
At the time of the impact, the Waymo AV's Level 4 ADS was engaged in autonomous mode. The Waymo AV sustained damage. 
Waymo is reporting this crash under Request No. 2 of Standing General Order 2021-01. Waymo may supplement or correct its reporting with additional information as it may become available.", ,False,85003,PHOENIX,V2V Intersection,False,False,prior_june16,True,True,False,False,False,False,False,False,True,True,True,False
30270-6368,1,Waymo LLC,5-Day,,,SEP-2023,SADHW2S15M1, ,,Jaguar,I-Pace, ,2021.0, ,a0f5051446d307a,69384.0, ,,5th Generation, , ,5th Generation, , ,Version 8, , ,, ,Y,,, ,Y,Yes (specify below),ADOT,Yes,ADS,Waymo LLC, , ,Y, , , , , ,,SEP-2023, ,SEP-2023,17:02, ,fe9c3f8e42bc643,[MAY CONTAIN PERSONALLY IDENTIFIABLE INFORMATION], ,[MAY CONTAIN PERSONALLY IDENTIFIABLE INFORMATION], ,[MAY CONTAIN PERSONALLY IDENTIFIABLE INFORMATION], ,Tempe, ,AZ ,[MAY CONTAIN PERSONALLY IDENTIFIABLE INFORMATION], ,Street,Dry,No Unusual Conditions,25.0, ,Daylight,Y, , , , , , , ,,Pickup Truck,No Injuries Reported,Yes,Crossing into Opposing Lane,No,No, , , , , , , , ,Y, , ,Proceeding Straight,No,Yes,No Passengers in Vehicle,12.0, , ,Y, , ,Y, , , , , , , , ,Y, ,Y,Y, , ,Yes,Tempe Police Department, ,Yes,,Y,,Y,,Y,Yes, ,"On September [XXX], 2023 at 5:02 PM PT a Waymo Autonomous Vehicle (Waymo AV) operating in Tempe, Arizona was in a collision involving a pickup truck on [XXX] near [XXX].
The Waymo AV was traveling eastbound on [XXX] toward [XXX] when a pickup truck drove alongside the Waymo AV. The passengers side of the pickup truck made contact with the drivers side of the Waymo AV. The pickup truck had been following and overtaking the Waymo AV for several minutes, and the pickup truck passengers occasionally threw items at the Waymo AV. At the time of the impact, the Waymo AVs Level 4 ADS was engaged in autonomous mode. Both vehicles sustained damage.
Waymo is reporting this crash under Request No. 1 of Standing General Order 2021-01 because a vehicle involved was towed away. Waymo may supplement or correct its reporting with additional information as it may become available.", ,False,85282,PHOENIX,V2V Lateral,True,False,prior_june16,True,True,False,False,False,True,True,False,False,True,True,False
30270-6516,1,Waymo LLC,Monthly,9.0,2023.0,OCT-2023,SADHW2S14M1, ,,Jaguar,I-Pace, ,2021.0, ,907f5c8b126647b,87996.0, ,,5th Generation ADS, , ,5th Generation, , ,Version 8, , ,, ,Y,,, ,Y,Yes (specify below),ADOT,Yes,ADS,Waymo LLC, , ,Y, , , , , ,,SEP-2023, ,SEP-2023,15:07, ,79e07c25fc05857,[MAY CONTAIN PERSONALLY IDENTIFIABLE INFORMATION], ,[MAY CONTAIN PERSONALLY IDENTIFIABLE INFORMATION], ,[MAY CONTAIN PERSONALLY IDENTIFIABLE INFORMATION], ,Tempe, ,AZ ,[MAY CONTAIN PERSONALLY IDENTIFIABLE INFORMATION], ,Street,Dry,No Unusual Conditions,35.0, ,Daylight,Y, , , , , , , ,,Passenger Car,No Injuries Reported,Yes,Proceeding Straight,No,No, , , , , , , , , , ,Y,Proceeding Straight,No,No,No Passengers in Vehicle,1.0, , , , ,Y, , , , , , , , , ,Y,Y,Y, , , ,No,, ,Yes,, ,, ,, ,Yes, ,"On September [XXX], 2023 at 3:07 PM PT a Waymo Autonomous Vehicle (Waymo AV) operating in Tempe, Arizona was in a collision involving a passenger car on [XXX] and [XXX].
The Waymo AV was traveling north on [XXX] when the Waymo AV slowed for stopped traffic ahead. The vehicle immediately behind the Waymo AV made contact with the rear of the Waymo AV. At the time of the impact, the Waymo AVs Level 4 ADS was engaged in autonomous mode. The Waymo AV sustained damage.
Waymo is reporting this crash under Request No. 2 of Standing General Order 2021-01. Waymo may supplement or correct its reporting with additional information as it may become available.", ,False,85281,PHOENIX,V2V F2R,False,False,prior_june16,False,True,False,False,False,False,False,False,False,True,True,False
30270-6519,1,Waymo LLC,Monthly,9.0,2023.0,OCT-2023,SADHW2S18M1, ,,Jaguar,I-Pace, ,2021.0, ,006bac2ce63f1bf,70384.0, ,,5th Generation ADS, , ,5th Generation, , ,Version 8, , ,, ,Y,,, ,Y,Yes (specify below),ADOT,Yes,ADS,Waymo LLC, , ,Y, , , , , ,,SEP-2023, ,SEP-2023,19:49, ,64acbf293223f56,[MAY CONTAIN PERSONALLY IDENTIFIABLE INFORMATION], ,[MAY CONTAIN PERSONALLY IDENTIFIABLE INFORMATION], ,[MAY CONTAIN PERSONALLY IDENTIFIABLE INFORMATION], ,Phoenix, ,AZ ,[MAY CONTAIN PERSONALLY IDENTIFIABLE INFORMATION], ,Street,Dry,No Unusual Conditions,25.0, ,Dark - Lighted,Y, , , , , , , ,,"Other, see Narrative",No Injuries Reported,Yes,Backing,No,No,Y, , , , , , , , , , ,Stopped,No,No,No Passengers in Vehicle,0.0, , , , , , , , , ,Y, , , , ,Y, ,Y,Y, , ,Yes,Phoenix Police Department, ,Yes,,Y,,Y,,Y,Yes, ,"On September [XXX], 2023 at 7:49 PM PT a Waymo Autonomous Vehicle (Waymo AV) operating in Phoenix, Arizona was in a collision involving a food truck trailer on [XXX] at [XXX].
The Waymo AV stopped facing north on [XXX] after a pickup truck hauling a food truck trailer ahead of the Waymo AV came to a stop. The pickup truck and food truck trailer then began to reverse into the stationary Waymo AV and the left rear bumper of the food truck trailer made contact with the front bumper of the Waymo AV. At the time of the impact, the Waymo AVs Level 4 ADS was engaged in autonomous mode. Both vehicles sustained damage.
Waymo is reporting this crash under Request No. 2 of Standing General Order 2021-01. Waymo may supplement or correct its reporting with additional information as it may become available.", ,False,85004,PHOENIX,V2V Backing,True,False,prior_june16,False,True,False,False,False,False,False,False,False,True,False,True
30270-6542,1,Waymo LLC,5-Day,,,OCT-2023,SADHW2S18M1, ,,Jaguar,I-Pace, ,2023.0, ,006bac2ce63f1bf,76843.0, ,,5th Generation, , ,5th Generation, , ,Version 8, , ,, ,Y,,, ,Y,Yes (specify below),ADOT,Yes,ADS,Waymo LLC, , ,Y, , , , , ,,OCT-2023, ,OCT-2023,08:59, ,2e94dccbdb96501,[MAY CONTAIN PERSONALLY IDENTIFIABLE INFORMATION], ,[MAY CONTAIN PERSONALLY IDENTIFIABLE INFORMATION], ,[MAY CONTAIN PERSONALLY IDENTIFIABLE INFORMATION], ,Scottsdale, ,AZ ,[MAY CONTAIN PERSONALLY IDENTIFIABLE INFORMATION], ,Street,Dry,"Other, see Narrative",45.0, ,Daylight,Y, , , , , , , ,,"Other, see Narrative",Unknown,Yes,"Other, see Narrative",Unknown,Unknown,Y, , ,Y, , ,Y, , , , ,"Other, see Narrative",No,No,Yes,6.0, , , , , , , , , , , ,Y, , ,Y, ,Y,Y, , ,Unknown,,Y,Yes,,Y,,Y,,Y,Yes, ,"On October [XXX], 2023 at 8:59 AM PT a collision occurred in Scottsdale, Arizona involving two passenger vehicles traveling behind a Waymo Autonomous Vehicle (Waymo AV) on [XXX] near [XXX].
The Waymo AV was traveling northbound on [XXX] in the far left lane, with an SUV approaching from behind in the adjacent right lane, when the Waymo AV detected fallen tree branches in the left adjacent median, partially obstructing its own lane. As the Waymo AV approached and passed the tree branches, and as the SUV passed the Waymo AV, the Waymo AV braked. The passenger vehicle behind the Waymo AV was then impacted by the passenger vehicle traveling behind it. At the time of the impact between the two passenger vehicles, the Waymo AVs Level 4 ADS was engaged in autonomous mode. The two passenger vehicles sustained damage, but the Waymo AV did not. Waymo became aware of the collision on October 19, 2023 during an internal review process.
Waymo is reporting this crash under Request No. 1 of Standing General Order 2021-01 because video appears to show that airbags deployed in the striking vehicle. Waymo may supplement or correct its reporting with additional information as it may become available.", ,False,85257,PHOENIX,V2V F2R,False,False,prior_june16,True,True,False,False,False,False,False,False,True,True,True,False
30270-6548,1,Waymo LLC,5-Day,,,OCT-2023,SADHW2S18M1, ,,Jaguar,I-Pace, ,2021.0, ,c076b8ec8eaf73f,76624.0, ,,5th Generation, , ,5th Generation, , ,Version 8, , ,, ,Y,,, ,Y,Yes (specify below),ADOT,Yes,ADS,Waymo LLC, , ,Y, , , , , ,,OCT-2023, ,OCT-2023,18:53, ,f23075bf3ae4c1d,[MAY CONTAIN PERSONALLY IDENTIFIABLE INFORMATION], ,[MAY CONTAIN PERSONALLY IDENTIFIABLE INFORMATION], ,[MAY CONTAIN PERSONALLY IDENTIFIABLE INFORMATION], ,Phoenix, ,AZ ,[MAY CONTAIN PERSONALLY IDENTIFIABLE INFORMATION], ,Street,Dry,Work Zone,25.0, ,Dark - Lighted,Y, , , , , , , ,,"Other, see Narrative",No Injuries Reported,Yes,"Other, see Narrative",Not Applicable,Not Applicable, , , , , , , , , , ,Y,Lane / Road Departure,No,Yes,Yes,8.0, , , , , , , , , , ,Y, , , ,Y, ,Y,Y, , ,No,, ,Yes,, ,, ,, ,Yes, ,"On October [XXX], 2023 at 6:53 PM PT a Waymo Autonomous Vehicle (Waymo AV) operating in Phoenix, Arizona experienced underbody damage in a construction zone on [XXX] near [XXX].
The Waymo AV was traveling through a construction zone on eastbound [XXX] and prepared to make a left turn onto northbound [XXX]. The Waymo AV entered a lane undergoing construction on [XXX], encountered a section of roadway that had been removed, and the front drivers side wheel dropped off the paved roadway. At the time of the event, the Waymo AVs Level 4 ADS was engaged in autonomous mode. The Waymo AV sustained damage.
Waymo is reporting this crash under Request No. 1 of Standing General Order 2021-01 because a vehicle involved was towed away. Waymo may supplement or correct its reporting with additional information as it may become available.", ,False,85004,PHOENIX,Single Vehicle,True,False,prior_june16,True,True,False,False,False,True,True,False,False,True,True,False
30270-6561,1,Waymo LLC,5-Day,,,OCT-2023,SADHW2S10M1, ,,Jaguar,I-Pace, ,2021.0, ,269b2953f5264a1,73225.0, ,,5th Generation, , ,5th Generation, , ,Version 8, , ,, ,Y,,, ,Y,Yes (specify below),ADOT,Yes,ADS,Waymo LLC, , ,Y, , , , , ,,OCT-2023, ,OCT-2023,13:29, ,e3bd842f3d0ff71,[MAY CONTAIN PERSONALLY IDENTIFIABLE INFORMATION], ,[MAY CONTAIN PERSONALLY IDENTIFIABLE INFORMATION], ,[MAY CONTAIN PERSONALLY IDENTIFIABLE INFORMATION], ,Phoenix, ,AZ ,[MAY CONTAIN PERSONALLY IDENTIFIABLE INFORMATION], ,Street,Dry,No Unusual Conditions,25.0, ,Daylight,Y, , , , , , , ,,"Other, see Narrative",No Injuries Reported,Yes,"Other, see Narrative",Not Applicable,Not Applicable, , , , , , , , , , ,Y,Proceeding Straight,No,Yes,Yes,19.0, , , , , , , , ,Y,Y, , , , ,Y, ,Y,Y, , ,Yes,Phoenix Police Department, ,Yes,[MAY CONTAIN PERSONALLY IDENTIFIABLE INFORMATION], ,,Y,[MAY CONTAIN PERSONALLY IDENTIFIABLE INFORMATION], ,Yes, ,"On October [XXX], 2023 at 1:29 PM PT a Waymo Autonomous Vehicle (Waymo AV) operating in Phoenix, Arizona was in a collision involving an automatic gate in a parking lot driveway at Central High School. 
The Waymo AV exited a parking lot at Central High School and was traveling eastbound toward [XXX], when the passengers side sensors and side mirror made contact with an automatic gate that was in the process of closing. At the time of the impact, the Waymo AVs Level 4 ADS was engaged in autonomous mode. The Waymo AV sustained damage.
Waymo is reporting this crash under Request No. 1 of Standing General Order 2021-01 because a vehicle involved was towed away. Waymo may supplement or correct its reporting with additional information as it may become available.", ,True,85012,PHOENIX,Single Vehicle,True,False,prior_june16,True,True,False,False,False,True,True,False,True,False,True,False
30270-6566,1,Waymo LLC,5-Day,,,NOV-2023,SADHW2S11M1, ,,Jaguar,I-Pace, ,2021.0, ,e736a273624743b,89981.0, ,,5th Generation, , ,5th Generation, , ,Version 8, , ,, ,Y,,, ,Y,Yes (specify below),ADOT,Yes,ADS,Waymo LLC, , ,Y, , , , , ,,OCT-2023, ,OCT-2023,19:18, ,434911b9ab45ec9,[MAY CONTAIN PERSONALLY IDENTIFIABLE INFORMATION], ,[MAY CONTAIN PERSONALLY IDENTIFIABLE INFORMATION], ,[MAY CONTAIN PERSONALLY IDENTIFIABLE INFORMATION], ,Chandler, ,AZ ,[MAY CONTAIN PERSONALLY IDENTIFIABLE INFORMATION], ,Street,Dry,No Unusual Conditions,45.0, ,Dark - Lighted,Y, , , , , , , ,,Passenger Car,Minor,Yes,Proceeding Straight,No,No, , ,Y, , ,Y, , ,Y, , ,Proceeding Straight,No,Yes,Yes,50.0, ,Y, , ,Y, , ,Y, , , , , , ,Y, ,Y,Y, , ,Unknown,,Y,Yes,,Y,,Y,,Y,Yes, ,"On October [XXX], 2023 at 7:18 PM PT a Waymo Autonomous Vehicle (Waymo AV) operating in Chandler, Arizona was in a collision involving a passenger vehicle on [XXX] near [XXX].
The Waymo AV was traveling northbound on [XXX] in the far left lane. As it passed [XXX], it detected a passenger vehicle approaching from behind and traveling at a higher rate of speed. The Waymo AV briefly accelerated because it recognized the speed of the vehicle approaching from behind, but the passenger vehicle made contact with the rear of the Waymo AV. At the time of the impact, the Waymo AVs Level 4 ADS was engaged in autonomous mode. Both vehicles sustained damage.
Waymo is reporting this crash under Request No. 1 of Standing General Order 2021-01 because a vehicle involved was towed away. Waymo may supplement or correct its reporting with additional information as it may become available.", ,False,85224,PHOENIX,V2V F2R,True,True,prior_june16,True,True,True,False,False,True,True,False,False,True,True,False
30270-6668,1,Waymo LLC,Monthly,10.0,2023.0,NOV-2023,SADHW2S12M1, ,,Jaguar,I-Pace, ,2023.0, ,fb102df46e11179,54469.0, ,,5th Generation, , ,5th Generation, , ,Version 8, , ,, ,Y,,, ,Y,Yes (specify below),ADOT,Yes,ADS,Waymo LLC, , ,Y, , , , , ,,OCT-2023, ,OCT-2023,11:04, ,e1a078add1d307e,[MAY CONTAIN PERSONALLY IDENTIFIABLE INFORMATION], ,[MAY CONTAIN PERSONALLY IDENTIFIABLE INFORMATION], ,[MAY CONTAIN PERSONALLY IDENTIFIABLE INFORMATION], ,Tempe, ,AZ ,[MAY CONTAIN PERSONALLY IDENTIFIABLE INFORMATION], ,Intersection,Dry,No Unusual Conditions,25.0, ,Daylight,Y, , , , , , , ,,Passenger Car,No Injuries Reported,Yes,Proceeding Straight,No,No, , , , , , , , ,Y, , ,Making Right Turn,No,No,No Passengers in Vehicle,3.0, ,Y, , , , , , , , , , , , ,Y, ,Y,Y, , ,No,, ,Yes,, ,, ,, ,Yes, ,"On October [XXX], 2023 at 11:04 AM PT a Waymo Autonomous Vehicle (Waymo AV) operating in Tempe, AZ was in a collision involving a passenger car on [XXX] and [XXX]. 
The Waymo AV was traveling southeast on [XXX] when it slowed to stop for a red traffic light at the intersection with [XXX]. The front of the passenger car that was traveling behind the Waymo AV made contact with the rear of the Wamyo AV. At the time of the impact, the Waymo AVs Level 4 ADS was engaged in autonomous mode. Both vehicles sustained damage.
Waymo is reporting this crash under Request No. 2 of Standing General Order 2021-01.", ,False,85281,PHOENIX,V2V F2R,False,False,prior_june16,False,True,False,False,False,False,False,False,False,True,True,False
30270-6765,1,Waymo LLC,5-Day,,,DEC-2023,SADHW2S17M1, ,,Jaguar,I-Pace, ,2021.0, ,babd9e394701cba,86018.0, ,,5th Generation, , ,5th Generation, , ,Version 8, , ,, ,Y,,, ,Y,Yes (specify below),ADOT,Yes,ADS,Waymo LLC, , ,Y, , , , , ,,NOV-2023, ,NOV-2023,17:40, ,94b0ffeeebb0686,[MAY CONTAIN PERSONALLY IDENTIFIABLE INFORMATION], ,[MAY CONTAIN PERSONALLY IDENTIFIABLE INFORMATION], ,[MAY CONTAIN PERSONALLY IDENTIFIABLE INFORMATION], ,Scottsdale, ,AZ ,[MAY CONTAIN PERSONALLY IDENTIFIABLE INFORMATION], ,Intersection,Wet,No Unusual Conditions,45.0, ,Dark - Lighted, , , , ,Y, , , ,,Passenger Car,No Injuries Reported,Yes,Proceeding Straight,No,No, , ,Y, , ,Y, , ,Y, , ,Stopped,No,Yes,Yes,0.0, ,Y, , ,Y, , ,Y, , , , , , ,Y, ,Y,Y, , ,Yes,Scottsdale Police Department, ,Yes,,Y,,Y,,Y,Yes, ,"On November [XXX], 2023 at 5:40 PM PT a Waymo Autonomous Vehicle (Waymo AV) operating in Scottsdale, Arizona was in a collision involving a passenger car on [XXX] and [XXX]. 
The Waymo AV was traveling northbound on [XXX] and was approaching the intersection with [XXX], when it detected an approaching emergency vehicle, which was traveling southbound on [XXX] and approaching the intersection with [XXX]. The Waymo AV braked to a stop soon after passing the nearside crosswalk in an attempt to keep the intersection clear for the emergency vehicle. A passenger vehicle approached from behind and then made contact with the rear of the Waymo AV. At the time of the impact, the Waymo AVs Level 4 ADS was engaged in autonomous mode. Both vehicles sustained damage.
Waymo is reporting this crash under Request No. 1 of Standing General Order 2021-01 because a vehicle involved was towed away. Waymo may supplement or correct its reporting with additional information as it may become available.", ,False,85257,PHOENIX,V2V F2R,True,False,prior_june16,True,True,False,False,False,True,True,False,False,True,False,True