Report ID,Report Version,Reporting Entity,Report Type,Report Month,Report Year,Report Submission Date,VIN,VIN - Unknown,Serial Number,Make,Model,Model - Unknown,Model Year,Model Year - Unknown,Same Vehicle ID,Mileage,Mileage - Unknown,Driver / Operator Type,ADAS/ADS System Version,ADAS/ADS System Version - Unk,ADAS/ADS System Version CBI,ADAS/ADS Hardware Version,ADAS/ADS Hardware Version - Unk,ADAS/ADS Hardware Version CBI,ADAS/ADS Software Version,ADAS/ADS Software Version - Unk,ADAS/ADS Software Version CBI,Other Reporting Entities?,Other Reporting Entities? - Unk,Other Reporting Entities? - NA,Federal Regulatory Exemption?,Other Federal Reg. Exemption,Federal Reg. Exemption - Unk,Federal Reg. Exemption - No,State or Local Permit?,State or Local Permit,ADS Equipped?,Automation System Engaged?,Operating Entity,Operating Entity - Unknown,Source - Complaint/Claim,Source - Telematics,Source - Law Enforcement,Source - Field Report,Source - Testing,Source - Media,Source - Other,Source - Other Text,Incident Date,Incident Date - Unknown,Notice Received Date,Incident Time (24:00),Incident Time - Unknown,Same Incident ID,Latitude,Latitude - Unknown,Longitude,Longitude - Unknown,Address,Address - Unknown,City,City - Unknown,State,Zip Code,Zip Code - Unknown,Roadway Type,Roadway Surface,Roadway Description,Posted Speed Limit (MPH),Posted Speed Limit - Unknown,Lighting,Weather - Clear,Weather - Snow,Weather - Cloudy,Weather - Fog/Smoke,Weather - Rain,Weather - Severe Wind,Weather - Unknown,Weather - Other,Weather - Other Text,Crash With,Highest Injury Severity Alleged,Property Damage?,CP Pre-Crash Movement,CP Any Air Bags Deployed?,CP Was Vehicle Towed?,CP Contact Area - Rear Left,CP Contact Area - Left,CP Contact Area - Front Left,CP Contact Area - Rear,CP Contact Area - Top,CP Contact Area - Front,CP Contact Area - Rear Right,CP Contact Area - Right,CP Contact Area - Front Right,CP Contact Area - Bottom,CP Contact Area - Unknown,SV Pre-Crash Movement,SV Any Air Bags Deployed?,SV Was Vehicle Towed?,SV Were All Passengers Belted?,SV Precrash Speed (MPH),SV Pre-crash Speed - Unknown,SV Contact Area - Rear Left,SV Contact Area - Left,SV Contact Area - Front Left,SV Contact Area - Rear,SV Contact Area - Top,SV Contact Area - Front,SV Contact Area - Rear Right,SV Contact Area - Right,SV Contact Area - Front Right,SV Contact Area - Bottom,SV Contact Area - Unknown,Data Availability - EDR,Data Availability - Police Rpt,Data Availability - Telematics,Data Availability - Complaints,Data Availability - Video,Data Availability - Other,Data Availability - No Data,Data Availability - Unknown,Law Enforcement Investigating?,Investigating Agency,Investigating Agency - Unknown,Rep Ent Or Mfr Investigating?,Investigating Officer Name,Inv. Officer Name - Unknown,Investigating Officer Phone,Inv. Officer Phone - Unknown,Investigating Officer Email,Inv. Officer Email - Unknown,Within ODD?,Within ODD? - CBI,Narrative,Narrative - CBI?,hub_delta_v_less_than_1mph,hub_zip_code,hub_location,hub_crash_type,hub_is_police_reported,hub_is_any_injury_reported,data_period,reportable_v2,reportable_v3,filter_has_injury,filter_is_vru,filter_has_airbag,filter_has_tow,filter_is_5day_trigger,filter_is_single_vehicle,filter_waymo_struck_another,filter_deltav_over_1mph,filter_waymo_was_moving,filter_waymo_was_stationary
30270-10726,1,Waymo LLC,Monthly,4.0,2025.0,MAY-2025,SADHW2S15R1, ,,Jaguar,I-Pace, ,2024.0, ,d52323ff12423c1,39125.0, ,,5th Generation ADS, , ,5th Generation, , ,Version 9, , ,, ,Y,,, ,Y,Yes (specify below),"CA DMV, CA PUC",Yes,ADS,Waymo LLC, , ,Y, , , , , ,,APR-2025, ,APR-2025,21:07, ,e2d92dee1c5155b,[MAY CONTAIN PERSONALLY IDENTIFIABLE INFORMATION], ,[MAY CONTAIN PERSONALLY IDENTIFIABLE INFORMATION], ,[MAY CONTAIN PERSONALLY IDENTIFIABLE INFORMATION], ,Los Angeles, ,CA ,[MAY CONTAIN PERSONALLY IDENTIFIABLE INFORMATION], ,Intersection,Dry,No Unusual Conditions,35.0, ,Dark - Lighted,Y, , , , , , , ,,SUV,No Injuries Reported,Yes,Proceeding Straight,No,No, ,Y, , , , , , , , , ,Stopped,No,No,Yes,0.0, ,Y, , , , , , , , , , , , ,Y, ,Y,Y, , ,No,, ,Yes,, ,, ,, ,Yes, ,"On April [XXX], 2025 at 9:07 PM PT a Waymo Autonomous Vehicle (""Waymo AV"") operating in Los Angeles, California was in a collision involving an SUV on [XXX] at [XXX]. 
The Waymo AV was traveling eastbound on [XXX] and stopped in the dedicated left turn lane, preparing to make an unprotected left turn onto [XXX]. As the Waymo AV remained stopped, an SUV that was traveling westbound on [XXX] in the middle shared turn lane, directly in front of the Waymo AV, maneuvered from the middle lane to the second from the left lane and the driver side of the SUV made contact with the rear driver side of the Waymo AV. At the time of the impact, the Waymo AV's Level 4 ADS was engaged in autonomous mode. The SUV sustained damage.
Waymo is reporting this crash under Request No. 2 of Standing General Order 2021-01. Waymo may supplement or correct its reporting with additional information as it may become available.", ,False,90029,LOS_ANGELES,V2V Head-on,False,False,prior_june16,False,True,False,False,False,False,False,False,False,True,False,True
30270-10727,1,Waymo LLC,Monthly,4.0,2025.0,MAY-2025,SADHW2S14R1, ,,Jaguar,I-Pace, ,2024.0, ,58fc028660eda5f,35114.0, ,,5th Generation ADS, , ,5th Generation, , ,Version 9, , ,, ,Y,,, ,Y,Yes (specify below),"CA DMV, CA PUC",Yes,ADS,Waymo LLC, , ,Y, , , , , ,,FEB-2025, ,APR-2025,06:11, ,d60f0a7874550b0,[MAY CONTAIN PERSONALLY IDENTIFIABLE INFORMATION], ,[MAY CONTAIN PERSONALLY IDENTIFIABLE INFORMATION], ,[MAY CONTAIN PERSONALLY IDENTIFIABLE INFORMATION], ,San Francisco, ,CA ,[MAY CONTAIN PERSONALLY IDENTIFIABLE INFORMATION], ,Street,Dry,No Unusual Conditions,30.0, ,Dark - Lighted,Y, , , , , , , ,,"Other, see Narrative",No Injuries Reported,No,"Other, see Narrative",Not Applicable,Not Applicable, , , , , , , , , , ,Y,Proceeding Straight,No,No,No Passengers in Vehicle,19.0, , , , , , , , , ,Y, , , , ,Y, ,Y,Y, , ,No,, ,Yes,, ,, ,, ,Yes, ,"On February [XXX], 2025 at 6:11 AM PT a Waymo Autonomous Vehicle (""Waymo AV"") operating in San Francisco was in a collision involving debris on [XXX] near [XXX]. 
The Waymo AV was traveling northbound in the leftmost lane on [XXX] when the front passenger side tire of the Waymo AV made contact with a piece of debris that was in the roadway, causing the Waymo AV to slow to a stop. The passenger car traveling directly behind the Waymo AV also slowed to a stop, causing a second passenger car traveling behind the first passenger car to also slow. While the second passenger car was slowing, a third passenger car traveling behind the second passenger car began to merge into the center lane and the front driver side of the third passenger car made contact with the rear passenger side of the second passenger car. At the time of the impact, the Waymo AV's Level 4 ADS was engaged in autonomous mode. The second and third passenger cars sustained damage. 
Waymo is reporting this crash under Request No. 2 of Standing General Order 2021-01. Waymo may supplement or correct its reporting with additional information as it may become available.", ,True,,SAN_FRANCISCO,Single Vehicle,False,False,prior_june16,True,True,False,False,False,False,False,False,True,False,True,False
30270-10742,1,Waymo LLC,Monthly,4.0,2025.0,MAY-2025,SADHW2S16R1, ,,Jaguar,I-Pace, ,2024.0, ,549dc088263cd26,55670.0, ,,5th Generation ADS, , ,5th Generation, , ,Version 9, , ,, ,Y,,, ,Y,Yes (specify below),"CA DMV, CA PUC",Yes,ADS,Waymo LLC, , ,Y, , , , , ,,APR-2025, ,APR-2025,15:29, ,8f4b14673f656c2,[MAY CONTAIN PERSONALLY IDENTIFIABLE INFORMATION], ,[MAY CONTAIN PERSONALLY IDENTIFIABLE INFORMATION], ,[MAY CONTAIN PERSONALLY IDENTIFIABLE INFORMATION], ,San Francisco, ,CA ,[MAY CONTAIN PERSONALLY IDENTIFIABLE INFORMATION], ,Street,Dry,No Unusual Conditions,25.0, ,Daylight,Y, , , , , , , ,,Pickup Truck,No Injuries Reported,Yes,Proceeding Straight,No,No, , , , , ,Y, , , , , ,Stopped,No,No,Yes,0.0, , , , ,Y, , , , , , , , , ,Y, ,Y,Y, , ,No,, ,Yes,, ,, ,, ,Yes, ,"On April [XXX], 2025 at 3:29 PM PT a Waymo Autonomous Vehicle (""Waymo AV"") operating in San Francisco, CA was in a collision involving a pickup truck on [XXX] near [XXX].
The Waymo AV was traveling northbound on [XXX] in the rightmost lane and slowed to a stop for an SUV that was parallel parking in front of the Waymo AV. While the Waymo AV was stopped, a pickup truck traveling directly behind the Waymo AV approached the Waymo AV from behind, and the front of the pickup truck made contact with the rear of the stationary Waymo AV. At the time of the impact, the Waymo AV's Level 4 ADS was engaged in autonomous mode. The pickup truck sustained damage.
Waymo is reporting this crash under Request No. 2 of Standing General Order 2021-01. Waymo may supplement or correct its reporting with additional information as it may become available.", ,False,94109,SAN_FRANCISCO,V2V F2R,False,False,prior_june16,False,True,False,False,False,False,False,False,False,True,False,True
30270-10743,1,Waymo LLC,Monthly,4.0,2025.0,MAY-2025,SADHW2S15R1, ,,Jaguar,I-Pace, ,2024.0, ,c4c32d33e663e59,34538.0, ,,5th Generation ADS, , ,5th Generation, , ,Version 9, , ,, ,Y,,, ,Y,Yes (specify below),"CA DMV, CA PUC",Yes,ADS,Waymo LLC, , ,Y, , , , , ,,APR-2025, ,APR-2025,08:55, ,db8a31384ad0ae7,[MAY CONTAIN PERSONALLY IDENTIFIABLE INFORMATION], ,[MAY CONTAIN PERSONALLY IDENTIFIABLE INFORMATION], ,[MAY CONTAIN PERSONALLY IDENTIFIABLE INFORMATION], ,San Francisco, ,CA ,[MAY CONTAIN PERSONALLY IDENTIFIABLE INFORMATION], ,Intersection,Dry,No Unusual Conditions,25.0, ,Daylight,Y, , , , , , , ,,Passenger Car,No Injuries Reported,Yes,Proceeding Straight,No,No, , , , , ,Y, , , , , ,Stopped,No,No,No Passengers in Vehicle,0.0, , , , ,Y, , , , , , , , , ,Y, ,Y,Y, , ,No,, ,Yes,, ,, ,, ,Yes, ,"On April [XXX], 2025 at 8:55 AM PT a Waymo Autonomous Vehicle (""Waymo AV"") operating in San Francisco, California was in a collision involving a passenger car on [XXX] at [XXX]. 
The Waymo AV was traveling southeastbound on [XXX] in the dedicated left turn lane and came to a stop to yield to oncoming traffic for an unprotected left turn at a green traffic light at the intersection with [XXX]. While the Waymo AV remained stopped, a passenger car traveling southeastbound on [XXX] approached the Waymo AV from behind and the front of the passenger car made contact with the rear of the Waymo AV. At the time of the impact, the Waymo AV's Level 4 ADS was engaged in autonomous mode. Both vehicles sustained damage.
Waymo is reporting this crash under Request No. 2 of Standing General Order 2021-01. Waymo may supplement or correct its reporting with additional information as it may become available.", ,False,94107,SAN_FRANCISCO,V2V F2R,False,False,prior_june16,False,True,False,False,False,False,False,False,False,True,False,True
30270-10746,1,Waymo LLC,5-Day,,,MAY-2025,SADHW2S11R1, ,[MAY CONTAIN PERSONALLY IDENTIFIABLE INFORMATION],Jaguar,I-PACE, ,2024.0, ,8aa8c53bfbf4a75,3909.0, ,,5th Generation ADS, , ,5th Generation, , ,Version 9, , ,, ,Y,,, ,Y,Yes (specify below),"CA DMV, CA PUC",Yes,ADS,Waymo LLC, , ,Y, , , , , ,,MAY-2025, ,MAY-2025,17:27, ,912fe10da529c31,[MAY CONTAIN PERSONALLY IDENTIFIABLE INFORMATION], ,[MAY CONTAIN PERSONALLY IDENTIFIABLE INFORMATION], ,[MAY CONTAIN PERSONALLY IDENTIFIABLE INFORMATION], ,San Francisco, ,CA ,[MAY CONTAIN PERSONALLY IDENTIFIABLE INFORMATION], ,Street,Dry,No Unusual Conditions,25.0, ,Daylight,Y, , , , , , , ,,Pickup Truck,No Injuries Reported,Yes,Proceeding Straight,No,No, ,Y, , , , , , , , , ,Stopped,No,Yes,No Passengers in Vehicle,0.0, ,Y, , , , , , , , , , , , ,Y, ,Y,Y, , ,No,, ,Yes,, ,, ,, ,Yes, ,"On May [XXX], 2025 at 5:27 PM PT a Waymo Autonomous Vehicle (""Waymo AV"") operating in San Francisco, California was in a collision involving a pickup truck on [XXX] near [XXX]. 
The Waymo AV was traveling southbound on a narrow portion of [XXX] with vehicles parked on both sides when it came to a stop to yield to a pickup truck traveling northbound on [XXX]. As the pickup truck passed the stationary Waymo AV, the driver side of the pickup truck made contact with the rear driver side of the Waymo AV. At the time of the impact, the Waymo AV's Level 4 ADS was engaged in autonomous mode. Both vehicles sustained damage.
Waymo is reporting this crash under Request No. 1 of Standing General Order 2021-01 because a vehicle involved was towed away. Waymo may supplement or correct its reporting with additional information as it may become available.", ,True,94110,SAN_FRANCISCO,V2V Head-on,False,False,prior_june16,True,True,False,False,False,True,True,False,False,False,False,True
30270-10747,1,Waymo LLC,Monthly,4.0,2025.0,MAY-2025,SADHW2S18R1, ,,Jaguar,I-PACE, ,2024.0, ,90f750a3e08168b,37011.0, ,,5th Generation ADS, , ,5th Generation, , ,Version 9, , ,, ,Y,,, ,Y,Yes (specify below),"CA DMV, CA PUC",Yes,ADS,Waymo LLC, , ,Y, , , , , ,,APR-2025, ,APR-2025,15:31, ,fd63b45b89e60d1,[MAY CONTAIN PERSONALLY IDENTIFIABLE INFORMATION], ,[MAY CONTAIN PERSONALLY IDENTIFIABLE INFORMATION], ,[MAY CONTAIN PERSONALLY IDENTIFIABLE INFORMATION], ,San Francisco, ,CA ,[MAY CONTAIN PERSONALLY IDENTIFIABLE INFORMATION], ,Street,Dry,No Unusual Conditions,25.0, ,Daylight,Y, , , , , , , ,,SUV,No Injuries Reported,Yes,Passing,No,No, , , , , , , , ,Y, , ,Parked,No,No,Yes,0.0, ,Y, , , , , , , , , , , , ,Y, ,Y,Y, , ,No,, ,Yes,, ,, ,, ,Yes, ,"On April [XXX], 2025 at 3:31 PM PT a Waymo Autonomous Vehicle (""Waymo AV"") operating in San Francisco, California was in a collision involving an SUV on [XXX] at [XXX]. 
The Waymo AV was stopped in lane on southbound [XXX] for a passenger pickup. An SUV traveling southbound on [XXX] slowed to a stop as it approached the parked Waymo AV. The SUV entered the opposing lane of travel in an attempt to pass the stationary Waymo AV on the left and the front passenger side of the SUV made contact with the rear driver side of the stationary Waymo AV. At the time of the impact, the Waymo AV's Level 4 ADS was engaged in autonomous mode. Both vehicles sustained damage.
Waymo is reporting this crash under Request No. 2 of Standing General Order 2021-01. Waymo may supplement or correct its reporting with additional information as it may become available.", ,False,94102,SAN_FRANCISCO,V2V Lateral,False,False,prior_june16,False,True,False,False,False,False,False,False,False,True,False,True
30270-10750,1,Waymo LLC,Monthly,4.0,2025.0,MAY-2025,SADHW2S18R1, ,,Jaguar,I-PACE, ,2024.0, ,af787839fce7dcd,557.0, ,,5th Generation ADS, , ,5th Generation, , ,Version 9, , ,, ,Y,,, ,Y,Yes (specify below),"CA DMV, CA PUC",Yes,ADS,Waymo LLC, , ,Y, , , , , ,,APR-2025, ,APR-2025,06:50, ,3cb4ac44e082069,[MAY CONTAIN PERSONALLY IDENTIFIABLE INFORMATION], ,[MAY CONTAIN PERSONALLY IDENTIFIABLE INFORMATION], ,[MAY CONTAIN PERSONALLY IDENTIFIABLE INFORMATION], ,San Francisco, ,CA ,[MAY CONTAIN PERSONALLY IDENTIFIABLE INFORMATION], ,Street,Dry,No Unusual Conditions,25.0, ,Daylight,Y, , , , , , , ,,Passenger Car,No Injuries Reported,Yes,Entering Traffic,No,No, , , , , , , ,Y, , , ,Parked,No,No,No Passengers in Vehicle,0.0, ,Y, , , , , , , , , , , , ,Y, ,Y,Y, , ,No,, ,Yes,, ,, ,, ,Yes, ,"On April [XXX], 2025 at 6:50 AM PT a Waymo Autonomous Vehicle (""Waymo AV"") operating in San Francisco, California was in a collision involving a passenger car on [XXX] near [XXX].
The Waymo AV was parked at the curb facing east on [XXX]. A passenger car that was parked directly behind the Waymo AV proceeded forward to merge into the adjacent lane of travel and the passenger side of the passenger car made contact with the rear driver side of the Waymo AV. At the time of the impact, the Waymo AV's Level 4 ADS was engaged in autonomous mode. The passenger car sustained damage.
Waymo is reporting this crash under Request No. 2 of Standing General Order 2021-01. Waymo may supplement or correct its reporting with additional information as it may become available.", ,False,94109,SAN_FRANCISCO,V2V Lateral,False,False,prior_june16,False,True,False,False,False,False,False,False,False,True,False,True
30270-10752,1,Waymo LLC,Monthly,4.0,2025.0,MAY-2025,SADHW2S15R1, ,,Jaguar,I-PACE, ,2024.0, ,4fda5a69ad1163d,31483.0, ,,5th Generation ADS, , ,5th Generation, , ,Version 9, , ,, ,Y,,, ,Y,Yes (specify below),"CA DMV, CA PUC",Yes,ADS,Waymo LLC, , ,Y, , , , , ,,APR-2025, ,APR-2025,14:56, ,aef5f220ddcfff1,[MAY CONTAIN PERSONALLY IDENTIFIABLE INFORMATION], ,[MAY CONTAIN PERSONALLY IDENTIFIABLE INFORMATION], ,[MAY CONTAIN PERSONALLY IDENTIFIABLE INFORMATION], ,San Francisco, ,CA ,[MAY CONTAIN PERSONALLY IDENTIFIABLE INFORMATION], ,Street,Dry,No Unusual Conditions,25.0, ,Daylight,Y, , , , , , , ,,SUV,No Injuries Reported,Yes,Parking Maneuver,No,No, , , ,Y, , , , , , , ,Parked,No,No,No Passengers in Vehicle,0.0, , , , , , ,Y, , , , , , , ,Y, ,Y,Y, , ,No,, ,Yes,, ,, ,, ,Yes, ,"On April [XXX], 2025 at 2:56 PM PT a Waymo Autonomous Vehicle (""Waymo AV"") operating in San Francisco, California was in a collision involving an SUV on [XXX] near [XXX]. 
The Waymo AV was parked at the curb facing south on [XXX] when an SUV that was parallel parking in front of the Waymo AV reversed, and the rear of the SUV made contact with the front of the stationary Waymo AV. At the time of the impact, the Waymo AV's Level 4 ADS was engaged in autonomous mode. The Waymo AV sustained damage.
Waymo is reporting this crash under Request No. 2 of Standing General Order 2021-01. Waymo may supplement or correct its reporting with additional information as it may become available.", ,False,94116,SAN_FRANCISCO,V2V Backing,False,False,prior_june16,False,True,False,False,False,False,False,False,False,True,False,True
30270-10753,1,Waymo LLC,Monthly,4.0,2025.0,MAY-2025,SADHW2S15R1, ,,Jaguar,I-PACE, ,2024.0, ,e1e1265b959c710,54010.0, ,,5th Generation ADS, , ,5th Generation, , ,Version 9, , ,, ,Y,,, ,Y,Yes (specify below),"CA DMV, CA PUC",Yes,ADS,Waymo LLC, , ,Y, , , , , ,,APR-2025, ,APR-2025,17:13, ,9f24abe73cfc948,[MAY CONTAIN PERSONALLY IDENTIFIABLE INFORMATION], ,[MAY CONTAIN PERSONALLY IDENTIFIABLE INFORMATION], ,[MAY CONTAIN PERSONALLY IDENTIFIABLE INFORMATION], ,San Francisco, ,CA ,[MAY CONTAIN PERSONALLY IDENTIFIABLE INFORMATION], ,Intersection,Dry,No Unusual Conditions,25.0, ,Daylight,Y, , , , , , , ,,SUV,No Injuries Reported,Yes,Proceeding Straight,No,No, , , , , ,Y, , , , , ,Proceeding Straight,No,No,No Passengers in Vehicle,1.0, , , , ,Y, , , , , , , , , ,Y, ,Y,Y, , ,No,, ,Yes,, ,, ,, ,Yes, ,"On April [XXX], 2025 at 5:13 PM PT a Waymo Autonomous Vehicle (""Waymo AV"") operating in San Francisco, CA was in a collision involving a SUV on [XXX] at [XXX]. 
The Waymo AV was traveling northbound on [XXX] and began to slow to a stop for a stop sign at the intersection at [XXX]. As the Waymo AV was coming to a stop, an SUV traveling directly behind the Waymo AV approached the Waymo AV from behind, and the front of the SUV made contact with the rear of the Waymo AV. At the time of the impact, the Waymo AV's Level 4 ADS was engaged in autonomous mode. Both vehicles sustained damage.
Waymo is reporting this crash under Request No. 2 of Standing General Order 2021-01. Waymo may supplement or correct its reporting with additional information as it may become available.", ,False,94123,SAN_FRANCISCO,V2V F2R,False,False,prior_june16,False,True,False,False,False,False,False,False,False,True,True,False
30270-10757,1,Waymo LLC,Monthly,4.0,2025.0,MAY-2025,SADHW2S19R1, ,,Jaguar,I-PACE, ,2024.0, ,3da11dc7b261f13,12931.0, ,,5th Generation ADS, , ,5th Generation, , ,Version 9, , ,, ,Y,,, ,Y,Yes (specify below),"CA DMV, CA PUC",Yes,ADS,Waymo LLC, , ,Y, , , , , ,,APR-2025, ,APR-2025,11:53, ,85694e67f3f1083,[MAY CONTAIN PERSONALLY IDENTIFIABLE INFORMATION], ,[MAY CONTAIN PERSONALLY IDENTIFIABLE INFORMATION], ,[MAY CONTAIN PERSONALLY IDENTIFIABLE INFORMATION], ,San Francisco, ,CA ,[MAY CONTAIN PERSONALLY IDENTIFIABLE INFORMATION], ,Street,Dry,No Unusual Conditions,20.0, ,Dark - Lighted,Y, , , , , , , ,,SUV,No Injuries Reported,Yes,Proceeding Straight,No,No, , ,Y, , , , , , , , ,Stopped,No,No,No Passengers in Vehicle,0.0, , , ,Y, , , , , , , , , , ,Y, ,Y,Y, , ,No,, ,Yes,, ,, ,, ,Yes, ,"On April [XXX], 2025 at 11:53 AM PT a Waymo Autonomous Vehicle (""Waymo AV"") operating in San Francisco, California was in a collision involving an SUV on [XXX] near [XXX]. 
The Waymo AV was traveling south on [XXX], and came to a stop behind a box truck that was stopped in-lane. The Waymo AV began to proceed around the left of the stopped box truck and came to a stop, yielding to an SUV traveling northbound on [XXX]. As the SUV passed by the stationary Waymo AV, the front driver side of the SUV made contact with the front driver side of the Waymo AV. At the time of the impact, the Waymo AV's Level 4 ADS was engaged in autonomous mode. Both vehicles sustained damage.
Waymo is reporting this crash under Request No. 2 of Standing General Order 2021-01. Waymo may supplement or correct its reporting with additional information as it may become available.", ,False,94102,SAN_FRANCISCO,V2V Head-on,False,False,prior_june16,False,True,False,False,False,False,False,False,False,True,False,True
30270-10768,2,Waymo LLC,10-Day Update,,,MAY-2025,SADHW2S19R1, ,,Jaguar,I-Pace, ,2024.0, ,9ff684673df8aff,11932.0, ,,5th Generation ADS, , ,5th Generation, , ,Version 9, , ,, ,Y,,, ,Y,Yes (specify below),"CA DMV, CA PUC",Yes,ADS,Waymo LLC, , ,Y, , , , , ,,MAY-2025, ,MAY-2025,20:00, ,3bed82ec870ce9c,[MAY CONTAIN PERSONALLY IDENTIFIABLE INFORMATION], ,[MAY CONTAIN PERSONALLY IDENTIFIABLE INFORMATION], ,[MAY CONTAIN PERSONALLY IDENTIFIABLE INFORMATION], ,Los Angeles, ,CA ,[MAY CONTAIN PERSONALLY IDENTIFIABLE INFORMATION], ,Intersection,Dry,No Unusual Conditions,25.0, ,Dawn / Dusk,Y, , , , , , , ,,Non-Motorist: Cyclist,Minor,No,NM Crossing Roadway,,, , , , , , , , , , , ,Making Left Turn,No,No,No Passengers in Vehicle,3.0, , , , , , , , , ,Y, , , , ,Y, ,Y,Y, , ,No,, ,Yes,, ,, ,, ,Yes, ,"The content of this report is unchanged from the initial report submitted on May 13, 2025 [REDACTED, MAY CONTAIN CONFIDENTIAL BUSINESS INFORMATION]. 
On May [XXX], 2025 at 8:00 PM PT a Waymo Autonomous Vehicle (""Waymo AV"") operating in Los Angeles, California was in a collision involving a cyclist on [XXX] at [XXX]. 
The Waymo AV came to a stop facing westbound on [XXX] at a stop sign at the intersection at [XXX] in a location where vegetation to the left of the AV created occlusion of the approaching near-side sidewalk. After coming to a stop at the stop line, the Waymo AV began moving forward into the intersection at [XXX] when a cyclist that had been traveling northwest on the near-side sidewalk along [XXX] entered the crosswalk and the front tire of the bike made contact with the front driver side of the Waymo AV. The cyclist fell to the ground.  At the time of the impact, the Waymo AV's Level 4 ADS was engaged in autonomous mode. The cyclist later informed Waymo of a minor injury.
Waymo is reporting this crash under Request No. 1 of Standing General Order 2021-01 because a vulnerable road user influenced the driving task of a vehicle involved. Waymo may supplement or correct its reporting with additional information as it may become available.", ,False,90291,LOS_ANGELES,Cyclist,False,True,prior_june16,True,True,True,True,False,False,True,False,True,True,True,False
30270-10775,1,Waymo LLC,5-Day,,,MAY-2025,SADHW2S19R1, ,,Jaguar,I-PACE, ,2024.0, ,99792a5987d8ed0,40508.0, ,,5th Generation ADS, , ,5th Generation, , ,Version 9, , ,, ,Y,,, ,Y,Yes (specify below),"CA DMV, CA PUC",Yes,ADS,Waymo LLC, , ,Y, , , , , ,,MAY-2025, ,MAY-2025,04:18, ,a4221254ea9e123,[MAY CONTAIN PERSONALLY IDENTIFIABLE INFORMATION], ,[MAY CONTAIN PERSONALLY IDENTIFIABLE INFORMATION], ,[MAY CONTAIN PERSONALLY IDENTIFIABLE INFORMATION], ,San Francisco, ,CA ,[MAY CONTAIN PERSONALLY IDENTIFIABLE INFORMATION], ,Street,Dry,No Unusual Conditions,25.0, ,Dark - Lighted,Y, , , , , , , ,,Passenger Car,No Injuries Reported,Yes,Proceeding Straight,No,No, , , , , ,Y, , , , , ,Stopped,No,Yes,No Passengers in Vehicle,0.0, , , , ,Y, , , , , , , , , ,Y, ,Y,Y, , ,Yes,San Francisco Police Department, ,Yes,[MAY CONTAIN PERSONALLY IDENTIFIABLE INFORMATION], ,,Y,,Y,Yes, ,"On May [XXX], 2025 at 4:18 AM PT a Waymo Autonomous Vehicle (""Waymo AV"") operating in San Francisco, California was in a collision involving a passenger car on [XXX] at [XXX]. 
The Waymo AV was stopped facing south on [XXX] in the rightmost lane for a red light at the intersection of [XXX]. While the Waymo AV remained stopped for the red light, a passenger car approached the Waymo AV from behind and the front of the passenger car made contact with the rear of the stationary Waymo AV. At the time of the impact, the Waymo AV's Level 4 ADS was engaged in autonomous mode. Both vehicles sustained damage.
Waymo is reporting this crash under Request No. 1 of Standing General Order 2021-01 because a vehicle involved was towed away. Waymo may supplement or correct its reporting with additional information as it may become available.", ,False,94110,SAN_FRANCISCO,V2V F2R,True,False,prior_june16,True,True,False,False,False,True,True,False,False,True,False,True
30270-10776,1,Waymo LLC,5-Day,,,MAY-2025,SADHW2S19R1, ,,Jaguar,I-PACE, ,2024.0, ,4397efdcc60adba,7255.0, ,,5th Generation ADS, , ,5th Generation, , ,Version 9, , ,, ,Y,,, ,Y,Yes (specify below),"CA DMV, CA PUC",Yes,ADS,Waymo LLC, , ,Y, , , , , ,,MAY-2025, ,MAY-2025,22:38, ,dd7979d22b5c160,[MAY CONTAIN PERSONALLY IDENTIFIABLE INFORMATION], ,[MAY CONTAIN PERSONALLY IDENTIFIABLE INFORMATION], ,[MAY CONTAIN PERSONALLY IDENTIFIABLE INFORMATION], ,San Francisco, ,CA ,[MAY CONTAIN PERSONALLY IDENTIFIABLE INFORMATION], ,Street,Dry,No Unusual Conditions,25.0, ,Dark - Lighted,Y, , , , , , , ,,Heavy Truck,No Injuries Reported,Yes,Proceeding Straight,No,No, ,Y,Y, , , , , , , , ,Proceeding Straight,No,Yes,Yes,3.0, ,Y,Y,Y, , , , , , , , , , ,Y, ,Y,Y, , ,Yes,San Francisco Police Department, ,Yes,[MAY CONTAIN PERSONALLY IDENTIFIABLE INFORMATION], ,,Y,,Y,Yes, ,"On May [XXX], 2025 at 10:38 PM PT a Waymo Autonomous Vehicle (""Waymo AV"") operating in San Francisco, California was in a collision involving a heavy truck on [XXX] near [XXX]. 
The Waymo AV was traveling westbound on [XXX]. The heavy truck traveling eastbound on [XXX] began maneuvering left into the path of the Waymo AV and the Waymo AV came to a stop. The truck continued and the front driver side of the heavy truck made contact with the front driver side of the Waymo AV. The heavy truck then reversed and proceeded eastbound. As the heavy truck passed the stationary Waymo AV, it made contact with the driver side of the stationary Waymo AV. At the time of the impact, the Waymo AV's Level 4 ADS was engaged in autonomous mode. The Waymo AV sustained damage.
Waymo is reporting this crash under Request No. 1 of Standing General Order 2021-01 because a vehicle involved was towed away. Waymo may supplement or correct its reporting with additional information as it may become available.", ,False,94103,SAN_FRANCISCO,V2V Head-on,True,False,prior_june16,True,True,False,False,False,True,True,False,True,True,True,False