Report ID,Report Version,Reporting Entity,Report Type,Report Month,Report Year,Report Submission Date,VIN,VIN - Unknown,Serial Number,Make,Model,Model - Unknown,Model Year,Model Year - Unknown,Same Vehicle ID,Mileage,Mileage - Unknown,Driver / Operator Type,ADAS/ADS System Version,ADAS/ADS System Version - Unk,ADAS/ADS System Version CBI,ADAS/ADS Hardware Version,ADAS/ADS Hardware Version - Unk,ADAS/ADS Hardware Version CBI,ADAS/ADS Software Version,ADAS/ADS Software Version - Unk,ADAS/ADS Software Version CBI,Other Reporting Entities?,Other Reporting Entities? - Unk,Other Reporting Entities? - NA,Federal Regulatory Exemption?,Other Federal Reg. Exemption,Federal Reg. Exemption - Unk,Federal Reg. Exemption - No,State or Local Permit?,State or Local Permit,ADS Equipped?,Automation System Engaged?,Operating Entity,Operating Entity - Unknown,Source - Complaint/Claim,Source - Telematics,Source - Law Enforcement,Source - Field Report,Source - Testing,Source - Media,Source - Other,Source - Other Text,Incident Date,Incident Date - Unknown,Notice Received Date,Incident Time (24:00),Incident Time - Unknown,Same Incident ID,Latitude,Latitude - Unknown,Longitude,Longitude - Unknown,Address,Address - Unknown,City,City - Unknown,State,Zip Code,Zip Code - Unknown,Roadway Type,Roadway Surface,Roadway Description,Posted Speed Limit (MPH),Posted Speed Limit - Unknown,Lighting,Weather - Clear,Weather - Snow,Weather - Cloudy,Weather - Fog/Smoke,Weather - Rain,Weather - Severe Wind,Weather - Unknown,Weather - Other,Weather - Other Text,Crash With,Highest Injury Severity Alleged,Property Damage?,CP Pre-Crash Movement,CP Any Air Bags Deployed?,CP Was Vehicle Towed?,CP Contact Area - Rear Left,CP Contact Area - Left,CP Contact Area - Front Left,CP Contact Area - Rear,CP Contact Area - Top,CP Contact Area - Front,CP Contact Area - Rear Right,CP Contact Area - Right,CP Contact Area - Front Right,CP Contact Area - Bottom,CP Contact Area - Unknown,SV Pre-Crash Movement,SV Any Air Bags Deployed?,SV Was Vehicle Towed?,SV Were All Passengers Belted?,SV Precrash Speed (MPH),SV Pre-crash Speed - Unknown,SV Contact Area - Rear Left,SV Contact Area - Left,SV Contact Area - Front Left,SV Contact Area - Rear,SV Contact Area - Top,SV Contact Area - Front,SV Contact Area - Rear Right,SV Contact Area - Right,SV Contact Area - Front Right,SV Contact Area - Bottom,SV Contact Area - Unknown,Data Availability - EDR,Data Availability - Police Rpt,Data Availability - Telematics,Data Availability - Complaints,Data Availability - Video,Data Availability - Other,Data Availability - No Data,Data Availability - Unknown,Law Enforcement Investigating?,Investigating Agency,Investigating Agency - Unknown,Rep Ent Or Mfr Investigating?,Investigating Officer Name,Inv. Officer Name - Unknown,Investigating Officer Phone,Inv. Officer Phone - Unknown,Investigating Officer Email,Inv. Officer Email - Unknown,Within ODD?,Within ODD? - CBI,Narrative,Narrative - CBI?,hub_delta_v_less_than_1mph,hub_zip_code,hub_location,hub_crash_type,hub_is_police_reported,hub_is_any_injury_reported,data_period,reportable_v2,reportable_v3,filter_has_injury,filter_is_vru,filter_has_airbag,filter_has_tow,filter_is_5day_trigger,filter_is_single_vehicle,filter_waymo_struck_another,filter_deltav_over_1mph,filter_waymo_was_moving,filter_waymo_was_stationary
30270-10963,1,Waymo LLC,Monthly,5.0,2025.0,JUN-2025,SADHW2S19R1, ,,Jaguar,I-Pace, ,2024.0, ,5112208df64a515,18596.0, ,,5th Generation ADS, , ,5th Generation, , ,Version 9, , ,, ,Y,,, ,Y,Yes (specify below),"CA DMV, CA PUC",Yes,ADS,Waymo LLC, , ,Y, , , , , ,,MAY-2025, ,MAY-2025,11:10, ,8b80fcf366fb159,[MAY CONTAIN PERSONALLY IDENTIFIABLE INFORMATION], ,[MAY CONTAIN PERSONALLY IDENTIFIABLE INFORMATION], ,[MAY CONTAIN PERSONALLY IDENTIFIABLE INFORMATION], ,Los Angeles, ,CA ,[MAY CONTAIN PERSONALLY IDENTIFIABLE INFORMATION], ,Parking Lot,Dry,No Unusual Conditions,15.0, ,Daylight,Y, , , , , , , ,,SUV,No Injuries Reported,Yes,Backing,No,No, , , , , , ,Y, , , , ,Parked,No,No,No Passengers in Vehicle,0.0, ,Y, , , , , , , , , , , , ,Y, ,Y,Y, , ,No,, ,Yes,, ,, ,, ,Yes, ,"On May [XXX], 2025 at 11:10 AM PT a Waymo Autonomous Vehicle (""Waymo AV"") operating in Los Angeles, California was in a collision involving an SUV in a parking lot at [XXX]. 
The Waymo AV was parked facing south for a passenger drop-off in a parking lot at [XXX]. Just after the passenger exited the vehicle, an SUV parked in a parking stall to the rear left of the Waymo AV reversed out of the parking stall, and the rear passenger side of the SUV made contact with the rear driver side of the stationary Waymo AV. At the time of the impact, the Waymo AV's Level 4 ADS was engaged in autonomous mode. Both vehicles sustained damage.
Waymo is reporting this crash under Request No. 2 of Standing General Order 2021-01. Waymo may supplement or correct its reporting with additional information as it may become available.", ,False,90035,LOS_ANGELES,V2V Backing,False,False,prior_june16,False,True,False,False,False,False,False,False,False,True,False,True
30270-10969,1,Waymo LLC,Monthly,5.0,2025.0,JUN-2025,SADHW2S16R1, ,,Jaguar,I-Pace, ,2024.0, ,23dca52bf69aa98,10325.0, ,,5th Generation ADS, , ,5th Generation, , ,Version 9, , ,, ,Y,,, ,Y,Yes (specify below),"CA DMV, CA PUC",Yes,ADS,Waymo LLC, , ,Y, , , , , ,,MAY-2025, ,MAY-2025,14:13, ,bd5d57b4a81664d,[MAY CONTAIN PERSONALLY IDENTIFIABLE INFORMATION], ,[MAY CONTAIN PERSONALLY IDENTIFIABLE INFORMATION], ,[MAY CONTAIN PERSONALLY IDENTIFIABLE INFORMATION], ,San Francisco, ,CA ,[MAY CONTAIN PERSONALLY IDENTIFIABLE INFORMATION], ,Street,Dry,No Unusual Conditions,20.0, ,Daylight,Y, , , , , , , ,,Van,Minor,Yes,Proceeding Straight,No,No, , , , , ,Y, , , , , ,Proceeding Straight,No,No,Yes,2.0, , , , ,Y, , , , , , , , , ,Y, ,Y,Y, , ,No,, ,Yes,, ,, ,, ,Yes, ,"On May [XXX], 2025 at 2:13 PM PT a Waymo Autonomous Vehicle (""Waymo AV"") operating in San Francisco, California was in a collision involving a van on [XXX] near [XXX]. 
The Waymo AV was traveling westbound on [XXX] in the rightmost lane, slowing for a queue of traffic ahead. A van approached the Waymo AV from behind, and the front of the van made contact with the rear of the Waymo AV. At the time of the impact, the Waymo AV's Level 4 ADS was engaged in autonomous mode. The Waymo AV sustained damage. The passenger in the Waymo AV alleged a minor injury.
Waymo is reporting this crash under Request No. 2 of Standing General Order 2021-01. Waymo may supplement or correct its reporting with additional information as it may become available.", ,False,94133,SAN_FRANCISCO,V2V F2R,False,True,prior_june16,True,True,True,False,False,False,True,False,False,True,True,False
30270-10970,1,Waymo LLC,Monthly,5.0,2025.0,JUN-2025,SADHW2S12R1, ,,Jaguar,I-PACE, ,2024.0, ,15838fb78bcd782,6168.0, ,,5th Generation ADS, , ,5th Generation, , ,Version 9, , ,, ,Y,,, ,Y,Yes (specify below),"CA DMV, CA PUC",Yes,ADS,Waymo LLC, , ,Y, , , , , ,,MAY-2025, ,MAY-2025,13:33, ,d582818dfc3c40d,[MAY CONTAIN PERSONALLY IDENTIFIABLE INFORMATION], ,[MAY CONTAIN PERSONALLY IDENTIFIABLE INFORMATION], ,[MAY CONTAIN PERSONALLY IDENTIFIABLE INFORMATION], ,San Francisco, ,CA ,[MAY CONTAIN PERSONALLY IDENTIFIABLE INFORMATION], ,Street,Dry,No Unusual Conditions,25.0, ,Daylight,Y, , , , , , , ,,Heavy Truck,No Injuries Reported,Yes,Making Left Turn,No,No, ,Y, , , , , , , , , ,Stopped,No,No,"No, see Narrative",0.0, ,Y, , , , , , , , , , , , ,Y, ,Y,Y, , ,No,, ,Yes,, ,, ,, ,Yes, ,"On May [XXX], 2025 at 1:33 PM PT a Waymo Autonomous Vehicle (""Waymo AV"") operating in San Francisco, California was in a collision involving a heavy truck on [XXX] at [XXX]. 
The Waymo AV was traveling southeastbound on [XXX] and came to a stop to yield to a heavy truck traveling northbound on [XXX] and making a left turn onto [XXX]. As the heavy truck passed by the stationary Waymo AV to complete its left turn, the driver side of the heavy truck made contact with the rear driver side of the Waymo AV. At the time of the impact, the Waymo AV's Level 4 ADS was engaged in autonomous mode. The Waymo AV sustained damage. The passenger in the Waymo AV was not belted at the time of the collision.
Waymo is reporting this crash under Request No. 2 of Standing General Order 2021-01. Waymo may supplement or correct its reporting with additional information as it may become available.", ,False,94129,SAN_FRANCISCO,V2V Head-on,False,False,prior_june16,False,True,False,False,False,False,False,False,False,True,False,True
30270-10972,1,Waymo LLC,Monthly,5.0,2025.0,JUN-2025,SADHW2S1XR1, ,,Jaguar,I-Pace, ,2024.0, ,6b11d4088fb9e69,39127.0, ,,5th Generation ADS, , ,5th Generation, , ,Version 9, , ,, ,Y,,, ,Y,Yes (specify below),"CA DMV, CA PUC",Yes,ADS,Waymo LLC, , ,Y, , , , , ,,MAY-2025, ,MAY-2025,06:07, ,3865c8210728aa2,[MAY CONTAIN PERSONALLY IDENTIFIABLE INFORMATION], ,[MAY CONTAIN PERSONALLY IDENTIFIABLE INFORMATION], ,[MAY CONTAIN PERSONALLY IDENTIFIABLE INFORMATION], ,Culver City, ,CA ,[MAY CONTAIN PERSONALLY IDENTIFIABLE INFORMATION], ,Street,Dry,No Unusual Conditions,40.0, ,Daylight, , ,Y, , , , , ,,SUV,No Injuries Reported,Yes,Changing Lanes,No,No, , , , , , , ,Y, , , ,Proceeding Straight,No,No,No Passengers in Vehicle,31.0, , , ,Y, , , , , , , , , , ,Y, ,Y,Y, , ,No,, ,Yes,, ,, ,, ,Yes, ,"On May [XXX], 2025 at 6:07 AM PT a Waymo Autonomous Vehicle (""Waymo AV"") operating in Culver City, California was in a collision involving an SUV on [XXX] near [XXX]. 
The Waymo AV was traveling northeastbound on [XXX] in the middle lane when an SUV in the leftmost lane began to change lanes to the middle lane. During this lane change maneuver by the SUV, the passenger side of the SUV made contact with the front driver side of the Waymo AV. At the time of the impact, the Waymo AV's Level 4 ADS was engaged in autonomous mode. The Waymo AV sustained damage.
Waymo is reporting this crash under Request No. 2 of Standing General Order 2021-01. Waymo may supplement or correct its reporting with additional information as it may become available.", ,True,90232,LOS_ANGELES,V2V Lateral,False,False,prior_june16,True,True,False,False,False,False,False,False,True,False,True,False
30270-10973,1,Waymo LLC,Monthly,5.0,2025.0,JUN-2025,SADHW2S15R1, ,,Jaguar,I-Pace, ,2024.0, ,6060f6e3fa3dfaf,47647.0, ,,5th Generation ADS, , ,5th Generation, , ,Version 9, , ,, ,Y,,, ,Y,Yes (specify below),"CA DMV, CA PUC",Yes,ADS,Waymo LLC, , ,Y, , , , , ,,MAY-2025, ,MAY-2025,09:47, ,c567f6216700e57,[MAY CONTAIN PERSONALLY IDENTIFIABLE INFORMATION], ,[MAY CONTAIN PERSONALLY IDENTIFIABLE INFORMATION], ,[MAY CONTAIN PERSONALLY IDENTIFIABLE INFORMATION], ,San Francisco, ,CA ,[MAY CONTAIN PERSONALLY IDENTIFIABLE INFORMATION], ,Street,Dry,No Unusual Conditions,25.0, ,Daylight,Y, , , , , , , ,,"Other, see Narrative",No Injuries Reported,Yes,"Other, see Narrative",Not Applicable,Not Applicable, , , , , , , , , , ,Y,Proceeding Straight,No,No,No Passengers in Vehicle,12.0, , , , , , , , , ,Y, , , , ,Y, ,Y,Y, , ,No,, ,Yes,, ,, ,, ,Yes, ,"On May [XXX], 2025 at 9:47 AM PT a Waymo Autonomous Vehicle (""Waymo AV"") operating in San Francisco, California was in a collision involving a volleyball on the [XXX] of [XXX]. 
The Waymo AV was traveling westbound on [XXX] when a soccer ball rolled into the roadway and made contact with the passenger side front wheel of the Waymo AV. At the time of the impact, the Waymo AV's Level 4 ADS was engaged in autonomous mode. The volleyball sustained damage.
Waymo is reporting this crash under Request No. 2 of Standing General Order 2021-01. Waymo may supplement or correct its reporting with additional information as it may become available.", ,True,94131,SAN_FRANCISCO,Single Vehicle,False,False,prior_june16,True,True,False,False,False,False,False,False,True,False,True,False
30270-10976,1,Waymo LLC,Monthly,5.0,2025.0,JUN-2025,SADHW2S12R1, ,,Jaguar,I-Pace, ,2024.0, ,cab21758c7b4a25,31123.0, ,,5th Generation ADS, , ,5th Generation, , ,Version 9, , ,, ,Y,,, ,Y,Yes (specify below),"CA DMV, CA PUC",Yes,ADS,Waymo LLC, , ,Y, , , , , ,,MAY-2025, ,MAY-2025,07:40, ,264fa83376a7ecd,[MAY CONTAIN PERSONALLY IDENTIFIABLE INFORMATION], ,[MAY CONTAIN PERSONALLY IDENTIFIABLE INFORMATION], ,[MAY CONTAIN PERSONALLY IDENTIFIABLE INFORMATION], ,San Francisco, ,CA ,[MAY CONTAIN PERSONALLY IDENTIFIABLE INFORMATION], ,Street,Dry,No Unusual Conditions,25.0, ,Daylight,Y, , , , , , , ,,Passenger Car,No Injuries Reported,Yes,Proceeding Straight,No,No, , , , , , , ,Y, , , ,Stopped,No,No,No Passengers in Vehicle,0.0, ,Y, , , , , , , , , , , , ,Y, , , , , ,No,, ,Yes,, ,, ,, ,Yes, ,"On May [XXX], 2025 at 7:40 AM PT a Waymo Autonomous Vehicle (""Waymo AV"") operating in San Francisco, California was in a collision involving a passenger car on [XXX] near [XXX]. 
The Waymo AV was traveling northbound on [XXX] and came to a stop partially in-lane for a passenger pick-up. A passenger car traveling northbound on [XXX] passed the Waymo AV and the passenger side of the passenger car made contact with the rear driver side of the stationary Waymo AV. At the time of the impact, the Waymo AV's Level 4 ADS was engaged in autonomous mode. Both vehicles sustained damage.
Waymo is reporting this crash under Request No. 2 of Standing General Order 2021-01. Waymo may supplement or correct its reporting with additional information as it may become available.", ,False,94123,SAN_FRANCISCO,V2V Lateral,False,False,prior_june16,False,True,False,False,False,False,False,False,False,True,False,True
30270-10977,2,Waymo LLC,10-Day Update,,,JUN-2025,SADHW2S1XR1, ,,Jaguar,I-Pace, ,2024.0, ,e61c32395715a3f,28876.0, ,,5th Generation ADS, , ,5th Generation, , ,Version 10, , ,, ,Y,,, ,Y,Yes (specify below),"CA DMV, CA PUC",Yes,ADS,Waymo LLC, , ,Y, , , , , ,,JUN-2025, ,JUN-2025,14:12, ,9230a22bfd4a593,[MAY CONTAIN PERSONALLY IDENTIFIABLE INFORMATION], ,[MAY CONTAIN PERSONALLY IDENTIFIABLE INFORMATION], ,[MAY CONTAIN PERSONALLY IDENTIFIABLE INFORMATION], ,San Francisco, ,CA ,[MAY CONTAIN PERSONALLY IDENTIFIABLE INFORMATION], ,Street,Dry,No Unusual Conditions,25.0, ,Daylight, , ,Y, , , , , ,,Non-Motorist: Other,No Injuries Reported,Yes,NM Crossing Roadway,,, , , , , , , , , , , ,Proceeding Straight,No,No,Yes,18.0, ,Y, , , , , , , , , , , , ,Y, ,Y,Y, , ,No,, ,Yes,, ,, ,, ,Yes, ,"The content of this report is unchanged from the initial report submitted on June 2, 2025 [REDACTED, MAY CONTAIN CONFIDENTIAL BUSINESS INFORMATION]. 
On June [XXX], 2025 at 2:12 PM PT a Waymo Autonomous Vehicle (""Waymo AV"") operating in San Francisco, California was in a collision involving a scooterist on [XXX] near [XXX]. 
The Waymo AV was traveling northwestbound on [XXX] in the leftmost lane. A stopped or very slow moving SUV was facing southeast in an adjacent oncoming lane at the intersection at [XXX]. As the Waymo AV proceeded past the SUV, a scooterist emerged from behind the SUV, appeared to make contact with the left rear corner of the SUV, crossed the center yellow line, and the scooterist made contact with the rear driver side of the Waymo AV, remained upright, and then departed the scene. At the time of the impact, the Waymo AV's Level 4 ADS was engaged in autonomous mode. The Waymo AV sustained damage.
Waymo is reporting this crash under Request No. 1 of Standing General Order 2021-01 because a vulnerable road user influenced the driving task of a vehicle involved. Waymo may supplement or correct its reporting with additional information as it may become available.", ,False,94107,SAN_FRANCISCO,Pedestrian,False,False,prior_june16,True,True,False,True,False,False,True,False,False,True,True,False
30270-10991,1,Waymo LLC,5-Day,,,JUN-2025,SADHW2S10R1, ,,Jaguar,I-Pace, ,2024.0, ,ebda0b5465bb521,23001.0, ,,5th Generation ADS, , ,5th Generation, , ,Version 9, , ,, ,Y,,, ,Y,Yes (specify below),"CA DMV, CA PUC",Yes,ADS,Waymo LLC, , ,Y, , , , , ,,MAY-2025, ,MAY-2025,19:51, ,2467ac3f476695d,[MAY CONTAIN PERSONALLY IDENTIFIABLE INFORMATION], ,[MAY CONTAIN PERSONALLY IDENTIFIABLE INFORMATION], ,[MAY CONTAIN PERSONALLY IDENTIFIABLE INFORMATION], ,San Francisco, ,CA ,[MAY CONTAIN PERSONALLY IDENTIFIABLE INFORMATION], ,Intersection,Dry,No Unusual Conditions,25.0, ,Daylight,Y, , , , , , , ,,Passenger Car,No Injuries Reported,Yes,Proceeding Straight,No,No, , ,Y, , , , , , , , ,Proceeding Straight,No,Yes,Yes,14.0, , , , , , , , ,Y, , , , , ,Y, ,Y,Y, , ,No,, ,Yes,, ,, ,, ,Yes, ,"On May [XXX], 2025 at 7:51 PM PT a Waymo Autonomous Vehicle (""Waymo AV"") operating in San Francisco, California was in a collision involving a passenger car on [XXX] and [XXX]. 
The Waymo AV was traveling northbound on [XXX], proceeding through the intersection with [XXX]. A passenger car traveling westbound on [XXX] proceeded into the intersection without first stopping at the stop sign. The Waymo AV braked and maneuvered to the left in an attempt to avoid the passenger car. The front driver side of the passenger car made contact with the passenger side of the Waymo AV. At the time of the impact, the Waymo AV's Level 4 ADS was engaged in autonomous mode. Both vehicles sustained damage.
Waymo is reporting this crash under Request No. 1 of Standing General Order 2021-01 because a vehicle involved was towed away. Waymo may supplement or correct its reporting with additional information as it may become available.", ,False,94109,SAN_FRANCISCO,V2V Intersection,False,False,prior_june16,True,True,False,False,False,True,True,False,False,True,True,False
30270-10998,1,Waymo LLC,5-Day,,,JUN-2025,SADHW2S11R1, ,,Jaguar,I-Pace, ,2024.0, ,fd03fbabacd53ce,49362.0, ,,5th Generation ADS, , ,5th Generation, , ,Version 10, , ,, ,Y,,, ,Y,Yes (specify below),"CA DMV, CA PUC",Yes,ADS,Waymo LLC, , ,Y, , , , , ,,JUN-2025, ,JUN-2025,00:04, ,d92b1cca4d554fc,[MAY CONTAIN PERSONALLY IDENTIFIABLE INFORMATION], ,[MAY CONTAIN PERSONALLY IDENTIFIABLE INFORMATION], ,[MAY CONTAIN PERSONALLY IDENTIFIABLE INFORMATION], ,Venice, ,CA ,[MAY CONTAIN PERSONALLY IDENTIFIABLE INFORMATION], ,Street,Dry,No Unusual Conditions,30.0, ,Dark - Lighted,Y, , , , , , , ,,Pickup Truck,No Injuries Reported,Yes,Proceeding Straight,No,No, , , , , , , , ,Y, , ,Parked,No,Yes,No Passengers in Vehicle,0.0, ,Y, , , , , , , , , , , , ,Y, ,Y,Y, , ,No,, ,Yes,, ,, ,, ,Yes, ,"On June [XXX], 2025 at 12:04 AM PT a Waymo Autonomous Vehicle (""Waymo AV"") operating in Venice, California was in a collision involving a pickup truck on [XXX] near [XXX]. 
The Waymo AV was parked at the curb facing southeast on [XXX] for a passenger pick-up, partially in-lane with hazard lights activated. While the Waymo AV remained parked, a pickup truck traveling southeastbound on [XXX] approached the Waymo AV and the front passenger side of the pickup truck made contact with the rear driver side of the stationary Waymo AV. At the time of the impact, the Waymo AV's Level 4 ADS was engaged in autonomous mode. Both vehicles sustained damage.
Waymo is reporting this crash under Request No. 1 of Standing General Order 2021-01 because a vehicle involved was towed away. Waymo may supplement or correct its reporting with additional information as it may become available.", ,False,90291,LOS_ANGELES,V2V F2R,False,False,prior_june16,True,True,False,False,False,True,True,False,False,True,False,True
30270-11005,1,Waymo LLC,5-Day,,,JUN-2025,SADHW2S18R1, ,,Jaguar,I-PACE, ,2024.0, ,b548f8e8e2f805d,31916.0, ,,5th Generation ADS, , ,5th Generation, , ,Version 9, , ,, ,Y,,, ,Y,Yes (specify below),"CA DMV, CA PUC",Yes,ADS,Waymo LLC, , ,Y, , , , , ,,MAY-2025, ,MAY-2025,17:05, ,aa443743268825d,[MAY CONTAIN PERSONALLY IDENTIFIABLE INFORMATION], ,[MAY CONTAIN PERSONALLY IDENTIFIABLE INFORMATION], ,[MAY CONTAIN PERSONALLY IDENTIFIABLE INFORMATION], ,San Francisco, ,CA ,[MAY CONTAIN PERSONALLY IDENTIFIABLE INFORMATION], ,Street,Dry,No Unusual Conditions,20.0, ,Daylight,Y, , , , , , , ,,SUV,No Injuries Reported,Yes,Changing Lanes,No,No, , , , , , , , ,Y, , ,Parked,No,Yes,No Passengers in Vehicle,0.0, ,Y, , , , , , , , , , , , ,Y, ,Y,Y, , ,No,, ,Yes,, ,, ,, ,Yes, ,"On May [XXX], 2025 at 5:05 PM PT a Waymo Autonomous Vehicle (""Waymo AV"") operating in San Francisco, California was in a collision involving an SUV on [XXX] near [XXX]. 
The Waymo AV was parked at the curb facing east on [XXX] with hazard lights activated as it completed a passenger drop off. While the Waymo AV remained parked, an SUV traveling eastbound on [XXX] in the second from rightmost lane began to change lanes into the rightmost lane as it approached the Waymo AV, and the front passenger side of the SUV made contact with the rear driver side of the Waymo AV. At the time of the impact, the Waymo AV's Level 4 ADS was engaged in autonomous mode. Both vehicles sustained damage.
Waymo is reporting this crash under Request No. 1 of Standing General Order 2021-01 because a vehicle involved was towed away. Waymo may supplement or correct its reporting with additional information as it may become available.", ,False,94102,SAN_FRANCISCO,V2V Lateral,False,False,prior_june16,True,True,False,False,False,True,True,False,False,True,False,True
30270-11014,2,Waymo LLC,10-Day Update,,,JUN-2025,SADHW2S17R1, ,,Jaguar,I-Pace, ,2024.0, ,b5b1925d35a914d,53251.0, ,,5th Generation ADS, , ,5th Generation, , ,Version 10, , ,, ,Y,,, ,Y,Yes (specify below),"CA DMV, CA PUC",Yes,ADS,Waymo LLC, , ,Y, , , , , ,,JUN-2025, ,JUN-2025,19:00, ,7c41add3714a781,[MAY CONTAIN PERSONALLY IDENTIFIABLE INFORMATION], ,[MAY CONTAIN PERSONALLY IDENTIFIABLE INFORMATION], ,[MAY CONTAIN PERSONALLY IDENTIFIABLE INFORMATION], ,San Francisco, ,CA ,[MAY CONTAIN PERSONALLY IDENTIFIABLE INFORMATION], ,Street,Dry,No Unusual Conditions,20.0, ,Daylight, , ,Y, , , , , ,,Non-Motorist: Other,No Injuries Reported,Yes,NM in Roadway - Other,,, , , , , , , , , , , ,Stopped,No,No,No Passengers in Vehicle,0.0, ,Y, , , , , , , , , , , , ,Y, ,Y,Y, , ,No,, ,Yes,, ,, ,, ,Yes, ,"The content of this report is unchanged from the initial report submitted on June 5, 2025 [REDACTED, MAY CONTAIN CONFIDENTIAL BUSINESS INFORMATION]. 
On June [XXX], 2025 at 7:00 PM PT a Waymo Autonomous Vehicle (""Waymo AV"") operating in San Francisco, California was in a collision involving a scooterist on [XXX] near [XXX]. 
The Waymo AV was traveling northbound on [XXX] and came to a stop in-lane with its hazard lights activated for a passenger pick-up. A scooterist traveling behind the Waymo AV maneuvered to the left of the stationary Waymo AV and the scooterist made contact with the rear driver side of the stationary Waymo AV. After contact, the scooterist left the scene by foot on the sidewalk. At the time of the impact, the Waymo AV's Level 4 ADS was engaged in autonomous mode. The Waymo AV sustained damage.
Waymo is reporting this crash under Request No. 1 of Standing General Order 2021-01 because a vulnerable road user was involved. Waymo may supplement or correct its reporting with additional information as it may become available.", ,False,94109,SAN_FRANCISCO,Pedestrian,False,False,prior_june16,True,True,False,True,False,False,True,False,False,True,False,True
30270-11016,2,Waymo LLC,10-Day Update,,,JUN-2025,SADHW2S11R1, ,,Jaguar,I-Pace, ,2024.0, ,b90eacc91cb4466,37796.0, ,,5th Generation ADS, , ,5th Generation, , ,Version 10, , ,, ,Y,,, ,Y,Yes (specify below),"CA DMV, CA PUC",Yes,ADS,Waymo LLC, ,Y, , , , , , ,,JUN-2025, ,JUN-2025,07:50, ,35e1d72cfe04d8a,[MAY CONTAIN PERSONALLY IDENTIFIABLE INFORMATION], ,[MAY CONTAIN PERSONALLY IDENTIFIABLE INFORMATION], ,[MAY CONTAIN PERSONALLY IDENTIFIABLE INFORMATION], ,San Francisco, ,CA ,[MAY CONTAIN PERSONALLY IDENTIFIABLE INFORMATION], ,Street,Dry,No Unusual Conditions,25.0, ,Daylight, , ,Y, , , , , ,,Non-Motorist: Other,Moderate,Yes,NM in Roadway - Other,,, , , , , , , , , , , ,Stopped,No,No,"No, see Narrative",0.0, , , , , , , , ,Y, , , , , ,Y, ,Y,Y, , ,No,, ,Yes,, ,, ,, ,Yes, ,"This report includes removal of a reference to the Waymo AV sustaining damage (upon further inspection, the Waymo AV was not damaged) and an update reflecting an alleged injury that Waymo received notice of on June 10, 2025. The remaining content of this report is unchanged from the initial report submitted on June 5, 2025 [REDACTED, MAY CONTAIN CONFIDENTIAL BUSINESS INFORMATION]. 
On June [XXX], 2025 at 7:50 AM PT a Waymo Autonomous Vehicle (""Waymo AV"") operating in San Francisco, California was in a collision involving a scooterist on [XXX] at [XXX]. 
The Waymo AV was traveling northbound in the rightmost lane on [XXX] and came to a stop in a queue of traffic for a red light at the intersection with [XXX]. While the Waymo AV was stopped, the passenger in the Waymo AV opened the rear passenger side door. A scooterist traveling northbound on [XXX] proceeded to pass to the right of the Waymo AV, and the scooterist made contact with the open rear passenger door of the stationary Waymo AV. The passenger was not belted at the time of the collision, as the passenger was preparing to exit the Waymo AV. At the time of the impact, the Waymo AV's Level 4 ADS was engaged in autonomous mode. There was an allegation of damage to the scooter.
Waymo is reporting this crash under Request No. 1 of Standing General Order 2021-01 because a vulnerable road user was involved. Waymo may supplement or correct its reporting with additional information as it may become available.", ,False,94104,SAN_FRANCISCO,Pedestrian,False,True,prior_june16,True,True,True,True,False,False,True,False,False,True,False,True
30270-11044,1,Waymo LLC,1-Day,,,JUN-2025,SADHW2S1XM1, ,,Jaguar,I-Pace, ,2021.0, ,3e0df0d9509ae6b,165354.0, ,,5th Generation ADS, , ,5th Generation, , ,Version 10, , ,, ,Y,,, ,Y,Yes (specify below),"CA DMV, CA PUC",Yes,ADS,Waymo LLC, , ,Y, , , , , ,,JUN-2025, ,JUN-2025,17:07, ,713a6738192af30,[MAY CONTAIN PERSONALLY IDENTIFIABLE INFORMATION], ,[MAY CONTAIN PERSONALLY IDENTIFIABLE INFORMATION], ,[MAY CONTAIN PERSONALLY IDENTIFIABLE INFORMATION], ,San Francisco, ,CA ,[MAY CONTAIN PERSONALLY IDENTIFIABLE INFORMATION], ,Street,Dry,No Unusual Conditions,25.0, ,Daylight,Y, , , , , , , ,,Non-Motorist: Cyclist,No Injuries Reported,Yes,Proceeding Straight,,, , , , , , , , , , , ,Changing Lanes,No,No,Yes,1.0, , , , , , , ,Y, , , , , , ,Y, ,Y,Y, , ,No,, ,Yes,, ,, ,, ,Yes, ,"On June [XXX], 2025 at 5:07 PM PT a Waymo Autonomous Vehicle (Waymo AV) operating in San Francisco, CA was in a collision involving a cyclist on [XXX] at [XXX]. 
The Waymo AV was traveling east on [XXX] in the rightmost of the two through lanes of travel approaching the intersection at [XXX]. As the Waymo AV approached and entered the intersection on a green light, four cyclists traveling north on [XXX] proceeded forward into the intersection. The Waymo AV slowed and moved into the left lane of travel. As the Waymo AV came to a stop, one of the cyclists made contact with the right rear corner of the Waymo AV. The cyclist remained upright and all cyclists then rode away. At the time of the impact, the Waymo AVs Level 4 ADS was engaged in autonomous mode. The Waymo AV sustained damage. 
Waymo is reporting this crash under Request No. 1 of Standing General Order 2021-01 because a vulnerable road user influenced the driving task of a vehicle involved. Waymo may supplement or correct its reporting with additional information as it may become available.", ,False,94103,SAN_FRANCISCO,Cyclist,False,False,prior_june16,True,True,False,True,False,False,True,False,False,True,True,False