Report ID,Report Version,Reporting Entity,Report Type,Report Month,Report Year,Report Submission Date,VIN,VIN - Unknown,Serial Number,Make,Model,Model - Unknown,Model Year,Model Year - Unknown,Same Vehicle ID,Mileage,Mileage - Unknown,Driver / Operator Type,ADAS/ADS System Version,ADAS/ADS System Version - Unk,ADAS/ADS System Version CBI,ADAS/ADS Hardware Version,ADAS/ADS Hardware Version - Unk,ADAS/ADS Hardware Version CBI,ADAS/ADS Software Version,ADAS/ADS Software Version - Unk,ADAS/ADS Software Version CBI,Other Reporting Entities?,Other Reporting Entities? - Unk,Other Reporting Entities? - NA,Federal Regulatory Exemption?,Other Federal Reg. Exemption,Federal Reg. Exemption - Unk,Federal Reg. Exemption - No,State or Local Permit?,State or Local Permit,ADS Equipped?,Automation System Engaged?,Operating Entity,Operating Entity - Unknown,Source - Complaint/Claim,Source - Telematics,Source - Law Enforcement,Source - Field Report,Source - Testing,Source - Media,Source - Other,Source - Other Text,Incident Date,Incident Date - Unknown,Notice Received Date,Incident Time (24:00),Incident Time - Unknown,Same Incident ID,Latitude,Latitude - Unknown,Longitude,Longitude - Unknown,Address,Address - Unknown,City,City - Unknown,State,Zip Code,Zip Code - Unknown,Roadway Type,Roadway Surface,Roadway Description,Posted Speed Limit (MPH),Posted Speed Limit - Unknown,Lighting,Weather - Clear,Weather - Snow,Weather - Cloudy,Weather - Fog/Smoke,Weather - Rain,Weather - Severe Wind,Weather - Unknown,Weather - Other,Weather - Other Text,Crash With,Highest Injury Severity Alleged,Property Damage?,CP Pre-Crash Movement,CP Any Air Bags Deployed?,CP Was Vehicle Towed?,CP Contact Area - Rear Left,CP Contact Area - Left,CP Contact Area - Front Left,CP Contact Area - Rear,CP Contact Area - Top,CP Contact Area - Front,CP Contact Area - Rear Right,CP Contact Area - Right,CP Contact Area - Front Right,CP Contact Area - Bottom,CP Contact Area - Unknown,SV Pre-Crash Movement,SV Any Air Bags Deployed?,SV Was Vehicle Towed?,SV Were All Passengers Belted?,SV Precrash Speed (MPH),SV Pre-crash Speed - Unknown,SV Contact Area - Rear Left,SV Contact Area - Left,SV Contact Area - Front Left,SV Contact Area - Rear,SV Contact Area - Top,SV Contact Area - Front,SV Contact Area - Rear Right,SV Contact Area - Right,SV Contact Area - Front Right,SV Contact Area - Bottom,SV Contact Area - Unknown,Data Availability - EDR,Data Availability - Police Rpt,Data Availability - Telematics,Data Availability - Complaints,Data Availability - Video,Data Availability - Other,Data Availability - No Data,Data Availability - Unknown,Law Enforcement Investigating?,Investigating Agency,Investigating Agency - Unknown,Rep Ent Or Mfr Investigating?,Investigating Officer Name,Inv. Officer Name - Unknown,Investigating Officer Phone,Inv. Officer Phone - Unknown,Investigating Officer Email,Inv. Officer Email - Unknown,Within ODD?,Within ODD? - CBI,Narrative,Narrative - CBI?,hub_delta_v_less_than_1mph,hub_zip_code,hub_location,hub_crash_type,hub_is_police_reported,hub_is_any_injury_reported,data_period,reportable_v2,reportable_v3,filter_has_injury,filter_is_vru,filter_has_airbag,filter_has_tow,filter_is_5day_trigger,filter_is_single_vehicle,filter_waymo_struck_another,filter_deltav_over_1mph,filter_waymo_was_moving,filter_waymo_was_stationary
30270-1787,1,Waymo LLC,1-Day,,,NOV-2021,SADHW2S18M1, ,,Jaguar,I-Pace, ,2021.0, ,3fa13431ff0349d,15812.0, ,In-Vehicle (Commercial / Test),5th Generation ADS, , ,, , ,, , ,, , ,,, , ,,,Yes,ADS,Waymo LLC, , ,Y, , , , , ,,NOV-2021, ,NOV-2021,20:02, ,e6fdd97cb301d10,[MAY CONTAIN PERSONALLY IDENTIFIABLE INFORMATION], ,[MAY CONTAIN PERSONALLY IDENTIFIABLE INFORMATION], ,[MAY CONTAIN PERSONALLY IDENTIFIABLE INFORMATION], ,San Francisco, ,CA ,[MAY CONTAIN PERSONALLY IDENTIFIABLE INFORMATION], ,Intersection,Dry,No Unusual Conditions,25.0, ,Dark - Lighted,Y, , , , , , , ,,Passenger Car,Unknown,Yes,Making Left Turn,Unknown,No, , , , , , , , , , ,Y,Stopped,No,Yes,Yes,0.0, ,Y, , , , , , , , , , , , ,Y, ,Y,Y, , ,No,, ,Yes,, ,, ,, ,Yes, ,"On November [XXX], 2021 at 8:02 PM PST a Waymo Autonomous Vehicle (""Waymo AV"") operating in San Francisco, CA was in a collision involving a passenger vehicle at [XXX], [XXX], and [XXX]. 
The Waymo AV was traveling southbound on [XXX], a narrow road with vehicles parked on both sides, and approaching the intersection with [XXX] and [XXX]. A passenger vehicle approaching from the right of the Waymo AV on eastbound [XXX] made a left turn in front of the Waymo AV to head northbound on [XXX]. The Waymo AV slowed to a near stop and nudged to its right in order to share the narrow road with the oncoming vehicle and then came to a stop at the stop sign as the oncoming vehicle completed its turn. At approximately 5 mph, the turning passenger vehicle made contact with Waymo AV's sensor hardware housing on the driver side rear corner fender of the stopped Waymo AV. At the time of the impact, the Waymo AV's Level 4 ADS was engaged in autonomous mode, and a test driver was present (in the driver's seating position). The Waymo AV sustained minor damage to the sensor hardware housing (which was the reason for towing the Waymo AV) and the passenger vehicle left the scene without exchanging information.
Waymo is reporting this crash under Request No. 1 of Standing General Order 2021-01 because a vehicle involved was towed away. Waymo may supplement or correct its reporting with additional information as it may become available. 
Due to a technical issue with NHTSA's online portal, this report was initially submitted by email on the due date of November [XXX], 2021, and is being submitted a second time via the NHTSA portal today, November [XXX], 2021, pursuant to NHTSA staff direction.", ,,,,,,,prior_june16,True,True,False,False,False,True,True,False,False,False,False,True
30270-1815,1,Waymo LLC,1-Day,,,DEC-2021,SADHW2S10M1, ,,Jaguar,I-Pace, ,2021.0, ,07333aef835ef03,17392.0, ,In-Vehicle (Commercial / Test),5th Generation ADS, , ,, , ,, , ,, , ,,, , ,,,Yes,ADS,Waymo LLC, , ,Y, , , , , ,,DEC-2021, ,DEC-2021,16:30, ,92abe0be65a945a,[MAY CONTAIN PERSONALLY IDENTIFIABLE INFORMATION], ,[MAY CONTAIN PERSONALLY IDENTIFIABLE INFORMATION], ,[MAY CONTAIN PERSONALLY IDENTIFIABLE INFORMATION], ,San Francisco, ,CA ,[MAY CONTAIN PERSONALLY IDENTIFIABLE INFORMATION], ,Street,Unknown,No Unusual Conditions,25.0, ,Daylight, , , , , , ,Y, ,,SUV,No Injuries Reported,Yes,Changing Lanes,No,Unknown, , , , , , , , ,Y, , ,Proceeding Straight,No,Yes,Yes,8.0, , , ,Y, , , , , , , , , , ,Y, ,Y,Y, , ,No,, ,Yes,, ,, ,, ,Yes, ,"On December [XXX], 2021 at 4:30 PM PST a Waymo Autonomous Vehicle ('Waymo AV') operating in San Francisco, CA was in a collision involving an SUV on [XXX] between [XXX] and [XXX] avenues. 
While in autonomous mode, the Waymo AV turned right from southbound [XXX] onto westbound [XXX]. As the Waymo AV proceeded onto [XXX] in the far right lane, an SUV also proceeding westbound on [XXX] made a continuous right lane change from the far left lane, through the middle lane, and entered the far right lane in front of the Waymo AV. The Waymo AV was decelerating when the test driver transitioned to manual mode. The Waymo AV then made contact with the SUV. At the time of the impact, the Waymo AV's Level 4 ADS was not engaged and a test driver (in the driver's seating position) was operating the Waymo AV in manual mode. The Waymo AV sustained damage to its front driver side fender and the SUV sustained damage to its front passenger side fender. 
Waymo is reporting this crash under Request No. 1 of Standing General Order 2021-01 because a vehicle involved was towed away. Waymo may supplement or correct its reporting with additional information as it may become available. This report was submitted from the Central time zone on the required date.", ,,,,,,,prior_june16,True,True,False,False,False,True,True,False,True,False,True,False
30270-1824,1,Waymo LLC,1-Day,,,DEC-2021,SADHW2S18M1, ,,Jaguar,I-Pace, ,2021.0, ,3fa13431ff0349d,15812.0, ,In-Vehicle (Commercial / Test),5th Generation ADS, , ,, , ,, , ,, , ,,, , ,,,Yes,ADS,Waymo LLC, , ,Y, , , , , ,,NOV-2021, ,NOV-2021,20:02, ,e6fdd97cb301d10,[MAY CONTAIN PERSONALLY IDENTIFIABLE INFORMATION], ,[MAY CONTAIN PERSONALLY IDENTIFIABLE INFORMATION], ,[MAY CONTAIN PERSONALLY IDENTIFIABLE INFORMATION], ,San Francisco, ,CA ,[MAY CONTAIN PERSONALLY IDENTIFIABLE INFORMATION], ,Intersection,Dry,No Unusual Conditions,25.0, ,Dark - Lighted,Y, , , , , , , ,,Passenger Car,Unknown,Yes,Making Left Turn,Unknown,No, , , , , , , , , , ,Y,Stopped,No,Yes,Yes,0.0, ,Y, , , , , , , , , , , , ,Y, ,Y,Y, , ,No,, ,Yes,, ,, ,, ,Yes, ,"The content of this report is unchanged from the initial report submitted by email on November [XXX], 2021 [Report ID #30270-1787-1]. 
On November [XXX], 2021 at 8:02 PM PST a Waymo Autonomous Vehicle ('Waymo AV') operating in San Francisco, CA was in a collision involving a passenger vehicle at [XXX], [XXX], and [XXX]. 
The Waymo AV was traveling southbound on [XXX], a narrow road with vehicles parked on both sides, and approaching the intersection with [XXX] and [XXX]. A passenger vehicle approaching from the right of the Waymo AV on eastbound [XXX] made a left turn in front of the Waymo AV to head northbound on [XXX]. The Waymo AV slowed to a near stop and nudged to its right in order to share the narrow road with the oncoming vehicle and then came to a stop at the stop sign as the oncoming vehicle completed its turn. At approximately 5 mph, the turning passenger vehicle made contact with Waymo AV's sensor hardware housing on the driver side rear corner fender of the stopped Waymo AV. At the time of the impact, the Waymo AV's Level 4 ADS was engaged in autonomous mode, and a test driver was present (in the driver's seating position). The Waymo AV sustained minor damage to the sensor hardware housing (which was the reason for towing the Waymo AV) and the passenger vehicle left the scene without exchanging information.
Waymo is reporting this crash under Request No. 1 of Standing General Order 2021-01 because a vehicle involved was towed away. Waymo may supplement or correct its reporting with additional information as it may become available.", ,,,,,,,prior_june16,True,True,False,False,False,True,True,False,False,False,False,True
30270-1831,1,Waymo LLC,1-Day,,,DEC-2021,SADHW2S13M1, ,,Jaguar,I-Pace, ,2021.0, ,f97408305266b85,13034.0, ,In-Vehicle (Commercial / Test),5th Generation ADS, , ,, , ,, , ,, , ,,, , ,,,Yes,ADS,Waymo LLC, , ,Y, , , , , ,,NOV-2021, ,NOV-2021,18:08, ,462947832bd2caa,[MAY CONTAIN PERSONALLY IDENTIFIABLE INFORMATION], ,[MAY CONTAIN PERSONALLY IDENTIFIABLE INFORMATION], ,[MAY CONTAIN PERSONALLY IDENTIFIABLE INFORMATION], ,San Francisco, ,CA ,[MAY CONTAIN PERSONALLY IDENTIFIABLE INFORMATION], ,Intersection,Dry,No Unusual Conditions,25.0, ,Dark - Lighted,Y, , , , , , , ,,Passenger Car,No Injuries Reported,Yes,Proceeding Straight,No,No, , , , , ,Y, , , , , ,Stopped,No,Yes,Yes,0.0, ,Y, , ,Y, , , , , , , , , ,Y, ,Y,Y, , ,No,, ,Yes,, ,, ,, ,Yes, ,"The content of this report is unchanged from the initial report submitted on November [XXX], 2021 [Report ID # 30270-1786-1]. 
On November [XXX], 2021 at 6:08 PM PST a Waymo Autonomous Vehicle ('Waymo AV') operating in San Francisco, CA was in a collision involving a passenger vehicle at [XXX] at [XXX]. 
The Waymo AV was stopped at a red light on eastbound [XXX] at [XXX] when a passenger vehicle struck the Waymo AV's rear bumper. At the time of the impact, the Waymo AV's Level 4 ADS was engaged in autonomous mode, and a test driver was present (in the driver's seating position). The Waymo AV's rear bumper sustained damage, and the passenger vehicle's front bumper sustained damage.
Waymo is reporting this crash under Request No. 1 of Standing General Order 2021-01 because a vehicle involved was towed away. Waymo may supplement or correct its reporting with additional information as it may become available. This report was submitted from the Pacific time zone on the required date.", ,,,,,,,prior_june16,True,True,False,False,False,True,True,False,False,False,False,True
30270-1872,1,Waymo LLC,1-Day,,,DEC-2021,SADHW2S10M1, ,,Jaguar,I-Pace, ,2021.0, ,07333aef835ef03,17392.0, ,In-Vehicle (Commercial / Test),5th Generation ADS, , ,, , ,, , ,, , ,,, , ,,,Yes,ADS,Waymo LLC, , ,Y, , , , , ,,DEC-2021, ,DEC-2021,16:30, ,92abe0be65a945a,[MAY CONTAIN PERSONALLY IDENTIFIABLE INFORMATION], ,[MAY CONTAIN PERSONALLY IDENTIFIABLE INFORMATION], ,[MAY CONTAIN PERSONALLY IDENTIFIABLE INFORMATION], ,San Francisco, ,CA ,[MAY CONTAIN PERSONALLY IDENTIFIABLE INFORMATION], ,Street,Dry,No Unusual Conditions,25.0, ,Daylight, , ,Y, , , , , ,,SUV,No Injuries Reported,Yes,Changing Lanes,No,No, , , , , , , , ,Y, , ,Proceeding Straight,No,Yes,Yes,8.0, , , ,Y, , , , , , , , , , ,Y, ,Y,Y, , ,No,, ,Yes,, ,, ,, ,Yes, ,"Other than updates to the ""Surface Condition,"" ""Weather,"" ""Was [REDACTED, MAY CONTAIN CONFIDENTIAL BUSINESS INFORMATION] Vehicle Towed,"" and ""Any [REDACTED, MAY CONTAIN CONFIDENTIAL BUSINESS INFORMATION] Air Bags Deployed?"" fields, the content of this report is unchanged from the initial report submitted on December [XXX], 2021 [REDACTED, MAY CONTAIN CONFIDENTIAL BUSINESS INFORMATION]. 
On December [XXX], 2021 at 4:30 PM PST a Waymo Autonomous Vehicle (""Waymo AV"") operating in San Francisco, CA was in a collision involving an SUV on [XXX] between [XXX] and [XXX] avenues. 
While in autonomous mode, the Waymo AV turned right from southbound [XXX] onto westbound [XXX]. As the Waymo AV proceeded onto [XXX] in the far right lane, an SUV also proceeding westbound on [XXX] made a continuous right lane change from the far left lane, through the middle lane, and entered the far right lane in front of the Waymo AV. The Waymo AV was decelerating when the test driver transitioned to manual mode. The Waymo AV then made contact with the SUV. At the time of the impact, the Waymo AV's Level 4 ADS was not engaged and a test driver (in the driver's seating position) was operating the Waymo AV in manual mode. The Waymo AV sustained damage to its front driver side fender and the SUV sustained damage to its front passenger side fender. 
Waymo is reporting this crash under Request No. 1 of Standing General Order 2021-01 because a vehicle involved was towed away. Waymo may supplement or correct its reporting with additional information as it may become available. This report was submitted from the Pacific time zone on the required date.", ,,,,,,,prior_june16,True,True,False,False,False,True,True,False,True,False,True,False
30270-2160,1,Waymo LLC,1-Day,,,JAN-2022,SADHW2S19M1, ,,Jaguar,I-Pace, ,2021.0, ,86b92a23b213253,20556.0, ,In-Vehicle (Commercial / Test),5th Generation ADS, , ,, , ,, , ,, , ,,, , ,,,Yes,ADS,Waymo LLC, , ,Y, , , , , ,,JAN-2022, ,JAN-2022,17:20, ,7e9b9cd2a74e8fc,[MAY CONTAIN PERSONALLY IDENTIFIABLE INFORMATION], ,[MAY CONTAIN PERSONALLY IDENTIFIABLE INFORMATION], ,[MAY CONTAIN PERSONALLY IDENTIFIABLE INFORMATION], ,San Francisco, ,CA ,[MAY CONTAIN PERSONALLY IDENTIFIABLE INFORMATION], ,Intersection,Dry,No Unusual Conditions,25.0, ,Dawn / Dusk,Y, , , , , , , ,,Passenger Car,No Injuries Reported,Yes,Proceeding Straight,Yes,No, ,Y, , , , , , , , , ,Proceeding Straight,No,Yes,Yes,11.0, , , ,Y, , ,Y, , ,Y, , , , ,Y, ,Y,Y, , ,No,, ,Yes,, ,, ,, ,Yes, ,"On January [XXX], 2022 at 5:20 PM PST a Waymo Autonomous Vehicle ('Waymo AV') operating in San Francisco, CA was in a collision involving a passenger vehicle on [XXX] at [XXX].
The Waymo AV was in autonomous mode on eastbound [XXX] as it approached [XXX]. The test driver (in the driver's seating position) transitioned to manual mode before reaching the intersection. The Waymo AV then proceeded through a green light into the intersection in manual mode. A passenger vehicle traveling northbound on [XXX] then entered the intersection against its red light, making contact with the front of the Waymo AV. At the time of the impact, the Waymo AV's Level 4 ADS was not engaged and a test driver was operating the Waymo AV in manual mode. The Waymo AV sustained damage to its front fascia and the passenger vehicle sustained damage to its driver side doors.
Waymo is reporting this crash under Request No. 1 of Standing General Order 2021-01 because the Waymo AV was towed away and the passenger vehicle's airbags deployed. Waymo may supplement or correct its reporting with additional information as it may become available. This report was submitted from the Pacific time zone on the required date.", ,,,,,,,prior_june16,True,True,False,False,True,True,True,False,True,False,True,False
30270-2168,1,Waymo LLC,1-Day,,,JAN-2022,SADHW2S1XM1, ,,Jaguar,I-Pace, ,2021.0, ,f604b97275349cf,25141.0, ,In-Vehicle (Commercial / Test),5th Generation ADS, , ,, , ,, , ,, , ,,, , ,,,Yes,ADS,Waymo LLC, , ,Y, , , , , ,,JAN-2022, ,JAN-2022,02:11, ,803359be848aa10,[MAY CONTAIN PERSONALLY IDENTIFIABLE INFORMATION], ,[MAY CONTAIN PERSONALLY IDENTIFIABLE INFORMATION], ,[MAY CONTAIN PERSONALLY IDENTIFIABLE INFORMATION], ,San Francisco, ,CA ,[MAY CONTAIN PERSONALLY IDENTIFIABLE INFORMATION], ,Intersection,Dry,No Unusual Conditions,25.0, ,Dark - Lighted,Y, , , , , , , ,,Motorcycle,No Injuries Reported,Yes,Making Left Turn,No,No, , , , , , , , , , ,Y,Proceeding Straight,No,No,Yes,2.0, ,Y, , , , , , , , , , , , ,Y, ,Y,Y, , ,No,, ,Yes,, ,, ,, ,Yes, ,"On January [XXX], 2022 at 2:11 AM PST a Waymo Autonomous Vehicle (""Waymo AV"") operating in San Francisco, CA was in a collision involving a motorcycle on [XXX] at [XXX].
The Waymo AV was in autonomous mode on southbound [XXX] in the intersection with [XXX], when the Waymo AV began to slow for a motorcyclist traveling on northbound [XXX] signaling to make an unprotected left turn onto [XXX]. The test driver (in the driver's seating position) transitioned to manual mode and continued to slow the Waymo AV. The motorcyclist attempted to turn behind the Waymo AV and made contact with the left rear corner of the Waymo AV. The motorcyclist remained upright and rode away without stopping to provide any information. At the time of the impact, the Waymo AV's Level 4 ADS was not engaged and a test driver was operating the Waymo AV in manual mode. The Waymo AV sustained damage to the driver's side of the rear bumper.
Waymo is reporting this crash under Request No. 1 of Standing General Order 2021-01 because a vulnerable road user (motorcyclist) was involved. Waymo may supplement or correct its reporting with additional information as it may become available. This report was submitted from the Pacific time zone on the required date.", ,,,,,,,prior_june16,True,True,False,True,False,False,True,False,False,False,True,False
30270-2197,1,Waymo LLC,1-Day,,,JAN-2022,SADHW2S19M1, ,,Jaguar,I-Pace, ,2021.0, ,86b92a23b213253,20556.0, ,In-Vehicle (Commercial / Test),5th Generation ADS, , ,, , ,, , ,, , ,,, , ,,,Yes,ADS,Waymo LLC, , ,Y, , , , , ,,JAN-2022, ,JAN-2022,17:20, ,7e9b9cd2a74e8fc,[MAY CONTAIN PERSONALLY IDENTIFIABLE INFORMATION], ,[MAY CONTAIN PERSONALLY IDENTIFIABLE INFORMATION], ,[MAY CONTAIN PERSONALLY IDENTIFIABLE INFORMATION], ,San Francisco, ,CA ,[MAY CONTAIN PERSONALLY IDENTIFIABLE INFORMATION], ,Intersection,Dry,No Unusual Conditions,25.0, ,Dawn / Dusk,Y, , , , , , , ,,Passenger Car,No Injuries Reported,Yes,Proceeding Straight,Yes,No, ,Y, , , , , , , , , ,Proceeding Straight,No,Yes,Yes,11.0, , , ,Y, , ,Y, , ,Y, , , , ,Y, ,Y,Y, , ,No,, ,Yes,, ,, ,, ,Yes, ,"The content of this report is unchanged from the initial report submitted on January [XXX], 2022 [Report ID # 30270-2160-1]. 
On January [XXX], 2022 at 5:20 PM PST a Waymo Autonomous Vehicle ('Waymo AV') operating in San Francisco, CA was in a collision involving a passenger vehicle on [XXX] at [XXX].
The Waymo AV was in autonomous mode on eastbound [XXX] as it approached [XXX]. The test driver (in the driver's seating position) transitioned to manual mode before reaching the intersection. The Waymo AV then proceeded through a green light into the intersection in manual mode. A passenger vehicle traveling northbound on [XXX] then entered the intersection against its red light, making contact with the front of the Waymo AV. At the time of the impact, the Waymo AV's Level 4 ADS was not engaged and a test driver was operating the Waymo AV in manual mode. The Waymo AV sustained damage to its front fascia and the passenger vehicle sustained damage to its driver side doors.
Waymo is reporting this crash under Request No. 1 of Standing General Order 2021-01 because the Waymo AV was towed away and the passenger vehicle's airbags deployed. Waymo may supplement or correct its reporting with additional information as it may become available. This report was submitted from the Pacific time zone on the required date.", ,,,,,,,prior_june16,True,True,False,False,True,True,True,False,True,False,True,False
30270-2198,1,Waymo LLC,1-Day,,,JAN-2022,SADHW2S12M1, ,,Jaguar,I-Pace, ,2021.0, ,6e7c9396161664d,12241.0, ,In-Vehicle (Commercial / Test),5th Generation ADS, , ,, , ,, , ,, , ,,, , ,,,Yes,ADS,Waymo LLC, , ,Y, , , , , ,,JAN-2022, ,JAN-2022,20:40, ,0348df51e94570a,[MAY CONTAIN PERSONALLY IDENTIFIABLE INFORMATION], ,[MAY CONTAIN PERSONALLY IDENTIFIABLE INFORMATION], ,[MAY CONTAIN PERSONALLY IDENTIFIABLE INFORMATION], ,San Francisco, ,CA ,[MAY CONTAIN PERSONALLY IDENTIFIABLE INFORMATION], ,Intersection,Dry,No Unusual Conditions,25.0, ,Dark - Lighted,Y, , , , , , , ,,SUV,No Injuries Reported,Yes,Proceeding Straight,No,No, , , , , ,Y, , ,Y, , ,Stopped,No,Yes,Yes,0.0, ,Y, , ,Y, , , , , , , , , ,Y, ,Y,Y, , ,Unknown,San Francisco Police Department, ,Yes,,Y,,Y,,Y,Yes, ,"On January [XXX], 2022 at 8:40 PM PST a Waymo Autonomous Vehicle (""Waymo AV"") operating in San Francisco, CA was in a collision involving a SUV on [XXX] at [XXX].
While proceeding straight on eastbound [XXX] in autonomous mode, the Waymo AV slowed down and came to a halt at the stop sign at the intersection with [XXX]. A SUV approached the Waymo AV from behind and made contact with the rear of the Waymo AV. At the time of the impact, the Waymo AV's Level 4 ADS was engaged in autonomous mode, and a test driver was present (in the driver's seating position). The Waymo AV sustained minor damage.
Waymo is reporting this crash under Request No. 1 of Standing General Order 2021-01 because the Waymo vehicle was towed away. Waymo may supplement or correct its reporting with additional information as it may become available. This report was submitted from the Pacific time zone on the required date.", ,,,,,,,prior_june16,True,True,False,False,False,True,True,False,False,False,False,True
30270-2206,1,Waymo LLC,1-Day,,,FEB-2022,SADHW2S1XM1, ,,Jaguar,I-Pace, ,2021.0, ,f604b97275349cf,25141.0, ,In-Vehicle (Commercial / Test),5th Generation ADS, , ,, , ,, , ,, , ,,, , ,,,Yes,ADS,Waymo LLC, , ,Y, , , , , ,,JAN-2022, ,JAN-2022,02:11, ,803359be848aa10,[MAY CONTAIN PERSONALLY IDENTIFIABLE INFORMATION], ,[MAY CONTAIN PERSONALLY IDENTIFIABLE INFORMATION], ,[MAY CONTAIN PERSONALLY IDENTIFIABLE INFORMATION], ,San Francisco, ,CA ,[MAY CONTAIN PERSONALLY IDENTIFIABLE INFORMATION], ,Intersection,Dry,No Unusual Conditions,25.0, ,Dark - Lighted,Y, , , , , , , ,,Motorcycle,No Injuries Reported,Yes,Making Left Turn,No,No, , , , , , , , , , ,Y,Proceeding Straight,No,No,Yes,2.0, ,Y, , , , , , , , , , , , ,Y, ,Y,Y, , ,No,, ,Yes,, ,, ,, ,Yes, ,"The content of this report is unchanged from the initial report submitted on January [XXX], 2022 [Report ID # 30270-2168-1]. 
On January [XXX], 2022 at 2:11 AM PST a Waymo Autonomous Vehicle ('Waymo AV') operating in San Francisco, CA was in a collision involving a motorcycle on [XXX] at [XXX].
The Waymo AV was in autonomous mode on southbound [XXX] in the intersection with [XXX], when the Waymo AV began to slow for a motorcyclist traveling on northbound [XXX] signaling to make an unprotected left turn onto [XXX]. The test driver (in the driver's seating position) transitioned to manual mode and continued to slow the Waymo AV. The motorcyclist attempted to turn behind the Waymo AV and made contact with the left rear corner of the Waymo AV. The motorcyclist remained upright and rode away without stopping to provide any information. At the time of the impact, the Waymo AV's Level 4 ADS was not engaged and a test driver was operating the Waymo AV in manual mode. The Waymo AV sustained damage to the driver's side of the rear bumper.
Waymo is reporting this crash under Request No. 1 of Standing General Order 2021-01 because a vulnerable road user (motorcyclist) was involved. Waymo may supplement or correct its reporting with additional information as it may become available. This report was submitted from the Pacific time zone on the required date.", ,,,,,,,prior_june16,True,True,False,True,False,False,True,False,False,False,True,False
30270-2226,1,Waymo LLC,1-Day,,,FEB-2022,SADHW2S12M1, ,,Jaguar,I-Pace, ,2021.0, ,6e7c9396161664d,12241.0, ,In-Vehicle (Commercial / Test),5th Generation ADS, , ,, , ,, , ,, , ,,, , ,,,Yes,ADS,Waymo LLC, , ,Y, , , , , ,,JAN-2022, ,JAN-2022,20:40, ,0348df51e94570a,[MAY CONTAIN PERSONALLY IDENTIFIABLE INFORMATION], ,[MAY CONTAIN PERSONALLY IDENTIFIABLE INFORMATION], ,[MAY CONTAIN PERSONALLY IDENTIFIABLE INFORMATION], ,San Francisco, ,CA ,[MAY CONTAIN PERSONALLY IDENTIFIABLE INFORMATION], ,Intersection,Dry,No Unusual Conditions,25.0, ,Dark - Lighted,Y, , , , , , , ,,SUV,No Injuries Reported,Yes,Proceeding Straight,No,No, , , , , ,Y, , ,Y, , ,Proceeding Straight,No,Yes,Yes,1.0, ,Y, , ,Y, , , , , , , , , ,Y, ,Y,Y, , ,Unknown,San Francisco Police Department, ,Yes,,Y,,Y,,Y,Yes, ,"Other than updating the Waymo AV's speed and damage description, the content of this report is unchanged from the initial report submitted on January [XXX], 2022 [Report ID # 30270-2198-1]. 
On January [XXX], 2022 at 8:40 PM PST a Waymo Autonomous Vehicle ('Waymo AV') operating in San Francisco, CA was in a collision involving a SUV on [XXX] at [XXX].
While proceeding straight on eastbound [XXX] in autonomous mode, the Waymo AV slowed down and came to a halt at the stop sign at the intersection with [XXX]. As the Waymo began to proceed, a SUV approached the Waymo AV from behind and made contact with the rear of the Waymo AV. At the time of the impact, the Waymo AV's Level 4 ADS was engaged in autonomous mode, and a test driver was present (in the driver's seating position). The Waymo AV sustained moderate damage.
Waymo is reporting this crash under Request No. 1 of Standing General Order 2021-01 because the Waymo vehicle was towed away. Waymo may supplement or correct its reporting with additional information as it may become available. This report was submitted from the Pacific time zone on the required date.", ,,,,,,,prior_june16,True,True,False,False,False,True,True,False,False,False,True,False