Report ID,Report Version,Reporting Entity,Report Type,Report Month,Report Year,Report Submission Date,VIN,VIN - Unknown,Serial Number,Make,Model,Model - Unknown,Model Year,Model Year - Unknown,Same Vehicle ID,Mileage,Mileage - Unknown,Driver / Operator Type,ADAS/ADS System Version,ADAS/ADS System Version - Unk,ADAS/ADS System Version CBI,ADAS/ADS Hardware Version,ADAS/ADS Hardware Version - Unk,ADAS/ADS Hardware Version CBI,ADAS/ADS Software Version,ADAS/ADS Software Version - Unk,ADAS/ADS Software Version CBI,Other Reporting Entities?,Other Reporting Entities? - Unk,Other Reporting Entities? - NA,Federal Regulatory Exemption?,Other Federal Reg. Exemption,Federal Reg. Exemption - Unk,Federal Reg. Exemption - No,State or Local Permit?,State or Local Permit,ADS Equipped?,Automation System Engaged?,Operating Entity,Operating Entity - Unknown,Source - Complaint/Claim,Source - Telematics,Source - Law Enforcement,Source - Field Report,Source - Testing,Source - Media,Source - Other,Source - Other Text,Incident Date,Incident Date - Unknown,Notice Received Date,Incident Time (24:00),Incident Time - Unknown,Same Incident ID,Latitude,Latitude - Unknown,Longitude,Longitude - Unknown,Address,Address - Unknown,City,City - Unknown,State,Zip Code,Zip Code - Unknown,Roadway Type,Roadway Surface,Roadway Description,Posted Speed Limit (MPH),Posted Speed Limit - Unknown,Lighting,Weather - Clear,Weather - Snow,Weather - Cloudy,Weather - Fog/Smoke,Weather - Rain,Weather - Severe Wind,Weather - Unknown,Weather - Other,Weather - Other Text,Crash With,Highest Injury Severity Alleged,Property Damage?,CP Pre-Crash Movement,CP Any Air Bags Deployed?,CP Was Vehicle Towed?,CP Contact Area - Rear Left,CP Contact Area - Left,CP Contact Area - Front Left,CP Contact Area - Rear,CP Contact Area - Top,CP Contact Area - Front,CP Contact Area - Rear Right,CP Contact Area - Right,CP Contact Area - Front Right,CP Contact Area - Bottom,CP Contact Area - Unknown,SV Pre-Crash Movement,SV Any Air Bags Deployed?,SV Was Vehicle Towed?,SV Were All Passengers Belted?,SV Precrash Speed (MPH),SV Pre-crash Speed - Unknown,SV Contact Area - Rear Left,SV Contact Area - Left,SV Contact Area - Front Left,SV Contact Area - Rear,SV Contact Area - Top,SV Contact Area - Front,SV Contact Area - Rear Right,SV Contact Area - Right,SV Contact Area - Front Right,SV Contact Area - Bottom,SV Contact Area - Unknown,Data Availability - EDR,Data Availability - Police Rpt,Data Availability - Telematics,Data Availability - Complaints,Data Availability - Video,Data Availability - Other,Data Availability - No Data,Data Availability - Unknown,Law Enforcement Investigating?,Investigating Agency,Investigating Agency - Unknown,Rep Ent Or Mfr Investigating?,Investigating Officer Name,Inv. Officer Name - Unknown,Investigating Officer Phone,Inv. Officer Phone - Unknown,Investigating Officer Email,Inv. Officer Email - Unknown,Within ODD?,Within ODD? - CBI,Narrative,Narrative - CBI?,hub_delta_v_less_than_1mph,hub_zip_code,hub_location,hub_crash_type,hub_is_police_reported,hub_is_any_injury_reported,data_period,reportable_v2,reportable_v3,filter_has_injury,filter_is_vru,filter_has_airbag,filter_has_tow,filter_is_5day_trigger,filter_is_single_vehicle,filter_waymo_struck_another,filter_deltav_over_1mph,filter_waymo_was_moving,filter_waymo_was_stationary
30270-8392,1,Waymo LLC,Monthly,7.0,2024.0,AUG-2024,SADHW2S14R1, ,,Jaguar,I-Pace, ,2024.0, ,514b6838e6ddc6e,11567.0, ,,5th Generation ADS, , ,5th Generation, , ,Version 9, , ,, ,Y,,, ,Y,Yes (specify below),"CA DMV, CA PUC",Yes,ADS,Waymo LLC, , ,Y, , , , , ,,JUL-2024, ,JUL-2024,09:21, ,83b9060efce12eb,[MAY CONTAIN PERSONALLY IDENTIFIABLE INFORMATION], ,[MAY CONTAIN PERSONALLY IDENTIFIABLE INFORMATION], ,[MAY CONTAIN PERSONALLY IDENTIFIABLE INFORMATION], ,San Francisco, ,CA ,[MAY CONTAIN PERSONALLY IDENTIFIABLE INFORMATION], ,Street,Dry,No Unusual Conditions,25.0, ,Daylight,Y, , , , , , , ,,Passenger Car,No Injuries Reported,Yes,Entering Traffic,No,No, , ,Y, , ,Y, , ,Y, , ,Proceeding Straight,No,No,No Passengers in Vehicle,9.0, , , , , , , , ,Y,Y, , , , ,Y, ,Y,Y, , ,No,, ,Yes,, ,, ,, ,Yes, ,"On July [XXX}, 2024 at 9:21 AM PT a Waymo Autonomous Vehicle (""Waymo AV"") operating in San Francisco, California was in a collision involving a passenger car on [XXX] near [XXX]. 
The Waymo AV was traveling westbound in the rightmost lane of a two-lane section of [XXX] when a passenger car began to exit from a driveway of a parking lot to the right of the Waymo AV. The passenger car entered the rightmost lane and stopped perpendicularly across the path of the Waymo AV. The Waymo AV began to change lanes into the left adjacent lane to maneuver around the passenger car. As the Waymo AV was changing lanes, the passenger car continued its perpendicular trajectory, proceeding straight into the leftmost lane. The front of the passenger car then made contact with the passenger side of the Waymo AV. At the time of the impact, the Waymo AV's Level 4 ADS was engaged in autonomous mode. Both vehicles sustained damage.
Waymo is reporting this crash under Request No. 2 of Standing General Order 2021-01. Waymo may supplement or correct its reporting with additional information as it may become available.", ,False,94103,SAN_FRANCISCO,V2V Intersection,False,False,prior_june16,True,True,False,False,False,False,False,False,True,True,True,False
30270-8394,1,Waymo LLC,Monthly,7.0,2024.0,AUG-2024,SADHW2S19R1, ,,Jaguar,I-Pace, ,2024.0, ,2030dc3f9cdb82c,18994.0, ,,5th Generation ADS, , ,5th Generation, , ,Version 9, , ,, ,Y,,, ,Y,Yes (specify below),"CA DMV, CA PUC",Yes,ADS,Waymo LLC, , ,Y, , , , , ,,JUL-2024, ,JUL-2024,12:18, ,79f75b387eb2c41,[MAY CONTAIN PERSONALLY IDENTIFIABLE INFORMATION], ,[MAY CONTAIN PERSONALLY IDENTIFIABLE INFORMATION], ,[MAY CONTAIN PERSONALLY IDENTIFIABLE INFORMATION], ,Los Angeles, ,CA ,[MAY CONTAIN PERSONALLY IDENTIFIABLE INFORMATION], ,Street,Dry,No Unusual Conditions,35.0, ,Daylight,Y, , , , , , , ,,Heavy Truck,No Injuries Reported,Yes,Backing,No,No, ,Y, , , , , , , , , ,Changing Lanes,No,No,No Passengers in Vehicle,1.0, , , , , , , , , ,Y, , , , ,Y, , , , , ,No,, ,Yes,, ,, ,, ,Yes, ,"On July [XXX], 2024 at 12:18 PM PT a Waymo Autonomous Vehicle (""Waymo AV"") operating in Los Angeles, California was in a collision involving a heavy truck on [XXX] near [XXX]. 
The Waymo AV was traveling southwestbound on [XXX] in the middle of three lanes when it came to a stop behind a heavy truck. The heavy truck was partially in the middle lane and partially in the rightmost lane when it began reversing and turning to enter a parking lot to the right of the Waymo AV. As the heavy truck continued to reverse, the Waymo AV began to change lanes into the left adjacent lane to maneuver around the heavy truck. As the Waymo AV was changing lanes, the driver side of the heavy truck made contact with the front passenger side of the Waymo AV. At the time of the impact, the Waymo AV's Level 4 ADS was engaged in autonomous mode. The Waymo AV sustained damage.
Waymo is reporting this crash under Request No. 2 of Standing General Order 2021-01. Waymo may supplement or correct its reporting with additional information as it may become available.", ,True,90024,LOS_ANGELES,V2V Backing,False,False,prior_june16,True,True,False,False,False,False,False,False,True,False,True,False
30270-8401,1,Waymo LLC,Monthly,7.0,2024.0,AUG-2024,SADHW2S10R1, ,,Jaguar,I-Pace, ,2024.0, ,227d560ccb53053,19267.0, ,,5th Generation ADS, , ,5th Generation, , ,Version 9, , ,, ,Y,,, ,Y,Yes (specify below),"CA DMV, CA PUC",Yes,ADS,Waymo LLC, , ,Y, , , , , ,,JUL-2024, ,JUL-2024,23:59, ,a8d01f2a05f21f7,[MAY CONTAIN PERSONALLY IDENTIFIABLE INFORMATION], ,[MAY CONTAIN PERSONALLY IDENTIFIABLE INFORMATION], ,[MAY CONTAIN PERSONALLY IDENTIFIABLE INFORMATION], ,San Francisco, ,CA ,[MAY CONTAIN PERSONALLY IDENTIFIABLE INFORMATION], ,Street,Dry,No Unusual Conditions,20.0, ,Dark - Lighted,Y, , , , , , , ,,SUV,No Injuries Reported,Yes,Backing,No,No, , , ,Y, , , , , , , ,Backing,No,No,No Passengers in Vehicle,2.0, , , , , , ,Y, , , , , , , ,Y, ,Y,Y, , ,No,, ,Yes,, ,, ,, ,Yes, ,"On July [XXX], 2024 at 11:59 PM PT a Waymo Autonomous Vehicle (""Waymo AV"") operating in San Francisco, California was in a collision involving a SUV on [XXX] at [XXX]. 
The Waymo AV was traveling northbound on [XXX] and came to a stop at a red light. The stopped SUV in front of the Waymo began reversing. The Waymo AV started to reverse as the SUV approached, but the rear of the SUV made contact with the front of the Waymo AV. At the time of the impact, the Waymo AV's Level 4 ADS was engaged in autonomous mode. Both vehicles sustained damage.
Waymo is reporting this crash under Request No. 2 of Standing General Order 2021-01. Waymo may supplement or correct its reporting with additional information as it may become available.", ,False,94102,SAN_FRANCISCO,V2V Backing,False,False,prior_june16,True,True,False,False,False,False,False,False,True,True,True,False
30270-8404,1,Waymo LLC,Monthly,7.0,2024.0,AUG-2024,SADHW2S1XR1, ,,Jaguar,I-Pace, ,2024.0, ,63d5996f05e3f54,449.0, ,,5th Generation ADS, , ,5th Generation, , ,Version 9, , ,, ,Y,,, ,Y,Yes (specify below),"CA DMV, CA PUC",Yes,ADS,Waymo LLC, , ,Y, , , , , ,,JUL-2024, ,JUL-2024,18:16, ,6e41aaf90713a44,[MAY CONTAIN PERSONALLY IDENTIFIABLE INFORMATION], ,[MAY CONTAIN PERSONALLY IDENTIFIABLE INFORMATION], ,[MAY CONTAIN PERSONALLY IDENTIFIABLE INFORMATION], ,San Francisco, ,CA ,[MAY CONTAIN PERSONALLY IDENTIFIABLE INFORMATION], ,Street,Dry,No Unusual Conditions,25.0, ,Daylight,Y, , , , , , , ,,Passenger Car,No Injuries Reported,Yes,Lane / Road Departure,No,No, , ,Y, , , , , , , , ,Stopped,No,No,No Passengers in Vehicle,0.0, , , , , , , ,Y, , , , , , ,Y, ,Y,Y, , ,No,, ,Yes,, ,, ,, ,Yes, ,"On July [XXX], 2024 at 4:16 PM PT a Waymo Autonomous Vehicle (""Waymo AV"") operating in San Francisco, California was in a collision involving a passenger car on [XXX] at [XXX]. 
The Waymo AV was traveling westbound on [XXX] when it activated its right turn signal and came to a stop at a stop sign at the intersection with [XXX]. A passenger car following behind the Waymo AV passed the Waymo AV on the right in a painted curb extension zone. As the passenger car passed, the front driver side corner of the passenger car made contact with the rear passenger corner of the Waymo AV. At the time of the impact, the Waymo AV's Level 4 ADS was engaged in autonomous mode. Both vehicles sustained damage.
Waymo is reporting this crash under Request No. 2 of Standing General Order 2021-01. Waymo may supplement or correct its reporting with additional information as it may become available.", ,False,94107,SAN_FRANCISCO,V2V F2R,False,False,prior_june16,False,True,False,False,False,False,False,False,False,True,False,True
30270-8406,1,Waymo LLC,Monthly,7.0,2024.0,AUG-2024,SADHW2S1XR1, ,,Jaguar,I-Pace, ,2024.0, ,26e4520dfdbdbb5,7345.0, ,,5th Generation ADS, , ,5th Generation, , ,Version 9, , ,, ,Y,,, ,Y,Yes (specify below),"CA DMV, CA PUC",Yes,ADS,Waymo LLC, , ,Y, , , , , ,,JUL-2024, ,JUL-2024,04:58, ,32e6f43c1ede135,[MAY CONTAIN PERSONALLY IDENTIFIABLE INFORMATION], ,[MAY CONTAIN PERSONALLY IDENTIFIABLE INFORMATION], ,[MAY CONTAIN PERSONALLY IDENTIFIABLE INFORMATION], ,San Francisco, ,CA ,[MAY CONTAIN PERSONALLY IDENTIFIABLE INFORMATION], ,Street,Dry,No Unusual Conditions,25.0, ,Dark - Lighted,Y, , , , , , , ,,SUV,No Injuries Reported,Yes,Parking Maneuver,No,No,Y, , , , , , , , , , ,Parked,No,No,No Passengers in Vehicle,0.0, , , , , , ,Y, , , , , , , ,Y, ,Y,Y, , ,No,, ,Yes,, ,, ,, ,Yes, ,"On July [XXX], 2024 at 4:58 AM PT a Waymo Autonomous Vehicle (""Waymo AV"") operating in San Francisco, California was in a collision involving an SUV on [XXX] near [XXX].
The Waymo AV was parked at the curb on eastbound [XXX] when an SUV in front of the Waymo AV began to reverse to parallel park. The rear driver side corner of the SUV made contact with the front of the Waymo AV. At the time of the impact, the Waymo AV's Level 4 ADS was engaged in autonomous mode. The Waymo AV sustained damage.
Waymo is reporting this crash under Request No. 2 of Standing General Order 2021-01. Waymo may supplement or correct its reporting with additional information as it may become available.", ,False,94117,SAN_FRANCISCO,V2V Backing,False,False,prior_june16,False,True,False,False,False,False,False,False,False,True,False,True
30270-8417,1,Waymo LLC,5-Day,,,AUG-2024,SADHW2S17M1, ,,Jaguar,I-Pace, ,2021.0, ,e0571a62a1ccccb,90387.0, ,,5th Generation ADS, , ,5th Generation, , ,Version 9, , ,, ,Y,,, ,Y,Yes (specify below),"CA DMV, CA PUC",Yes,ADS,Waymo LLC, , ,Y, , , , , ,,AUG-2024, ,AUG-2024,03:08, ,fea7e0ad7519a39,[MAY CONTAIN PERSONALLY IDENTIFIABLE INFORMATION], ,[MAY CONTAIN PERSONALLY IDENTIFIABLE INFORMATION], ,[MAY CONTAIN PERSONALLY IDENTIFIABLE INFORMATION], ,San Francisco, ,CA ,[MAY CONTAIN PERSONALLY IDENTIFIABLE INFORMATION], ,Intersection,Dry,No Unusual Conditions,25.0, ,Dark - Lighted, , ,Y, , , , , ,,Passenger Car,No Injuries Reported,Yes,Proceeding Straight,Yes,Yes, , ,Y, , ,Y, , ,Y, , ,Stopped,Yes,Yes,No Passengers in Vehicle,0.0, , , , , , , , ,Y,Y, , , , ,Y, ,Y,Y, , ,Yes,San Francisco Police Department, ,Yes,[MAY CONTAIN PERSONALLY IDENTIFIABLE INFORMATION], ,[MAY CONTAIN PERSONALLY IDENTIFIABLE INFORMATION], ,,Y,Yes, ,"On August [XXX], 2024 at 3:08 AM PT a Waymo Autonomous Vehicle (""Waymo AV"") operating in San Francisco, California was in a collision involving a passenger car on [XXX] at [XXX].
The Waymo AV was traveling north-westbound on [XXX] in the rightmost lane and entered the intersection with [XXX] on a green light.  A passenger car traveling south-westbound on [XXX] at a speed well in excess of the posted speed limit entered the intersection without stopping at the red light, and the front of the passenger vehicle made contact with the front passenger side of the Waymo AV. At the time of the impact, the Waymo AV's Level 4 ADS was engaged in autonomous mode. Both vehicles sustained damage.
Waymo is reporting this crash under Request No. 1 of Standing General Order 2021-01 because an airbag in an involved vehicle deployed and a vehicle involved was towed away. Waymo may supplement or correct its reporting with additional information as it may become available.", ,False,94103,SAN_FRANCISCO,V2V Intersection,True,False,prior_june16,True,True,False,False,True,True,True,False,False,True,False,True
30270-8444,3,Waymo LLC,10-Day Update,,,AUG-2024,SADHW2S16R1, ,,Jaguar,I-Pace, ,2024.0, ,f48ff35eafa2b0b,16532.0, ,,5th Generation ADS, , ,5th Generation, , ,Version 9, , ,, ,Y,,, ,Y,Yes (specify below),"CA DMV, CA PUC",Yes,ADS,Waymo LLC, , ,Y, , , , , ,,AUG-2024, ,AUG-2024,17:49, ,f0565ea7fcd398a,[MAY CONTAIN PERSONALLY IDENTIFIABLE INFORMATION], ,[MAY CONTAIN PERSONALLY IDENTIFIABLE INFORMATION], ,[MAY CONTAIN PERSONALLY IDENTIFIABLE INFORMATION], ,San Francisco, ,CA ,[MAY CONTAIN PERSONALLY IDENTIFIABLE INFORMATION], ,Street,Dry,No Unusual Conditions,25.0, ,Daylight,Y, , , , , , , ,,Non-Motorist: Cyclist,Minor,No,Changing Lanes,,, , , , , , , , , , , ,Stopped,No,No,No Passengers in Vehicle,0.0, , , , , , , ,Y, , , , , , ,Y, ,Y,Y, , ,No,, ,Yes,, ,, ,, ,Yes, ,"The content of this report is unchanged from the initial report submitted on August [XXX], 2024 [REDACTED, MAY CONTAIN CONFIDENTIAL BUSINESS INFORMATION].
On August [XXX], 2024 at 5:49 PM PT a Waymo Autonomous Vehicle (""Waymo AV"") operating in San Francisco, California was in a collision involving a cyclist on [XXX] at [XXX].
The Waymo AV was traveling south-westbound on [XXX] approaching the intersection with [XXX]. As the Waymo AV came to a stop for a traffic stack ahead of the Waymo AV, partially oriented into the dedicated left turn lane at the location where that lane begins, a cyclist merged out of the bike lane and into the general purpose travel lane, and while the cyclist was looking backwards, the front of the bicycle made contact with the rear passenger side of the stopped Waymo AV. At the time of the impact, the Waymo AV's Level 4 ADS was engaged in autonomous mode. The cyclist remained upright throughout the interaction and alleged that they had sustained an injury.
Waymo is reporting this crash under Request No. 1 of Standing General Order 2021-01 because a vulnerable road user was involved. Waymo may supplement or correct its reporting with additional information as it may become available.", ,False,94107,SAN_FRANCISCO,Cyclist,False,True,prior_june16,True,True,True,True,False,False,True,False,False,True,False,True
30270-8471,1,Waymo LLC,5-Day,,,AUG-2024,SADHW2S10R1, ,,Jaguar,I-Pace, ,2024.0, ,2fe1f915f92ebbd,3227.0, ,,5th Generation ADS, , ,5th Generation, , ,Version 9, , ,, ,Y,,, ,Y,Yes (specify below),"CA DMV, CA PUC",Yes,ADS,Waymo LLC, , ,Y, , , , , ,,AUG-2024, ,AUG-2024,23:19, ,a6c3d816cc7ab78,[MAY CONTAIN PERSONALLY IDENTIFIABLE INFORMATION], ,[MAY CONTAIN PERSONALLY IDENTIFIABLE INFORMATION], ,[MAY CONTAIN PERSONALLY IDENTIFIABLE INFORMATION], ,San Francisco, ,CA ,[MAY CONTAIN PERSONALLY IDENTIFIABLE INFORMATION], ,Street,Dry,No Unusual Conditions,25.0, ,Dark - Lighted,Y, , , , , , , ,,Passenger Car,No Injuries Reported,Yes,Passing,No,No, , ,Y, , ,Y, , ,Y, , ,Backing,No,Yes,No Passengers in Vehicle,4.0, , ,Y,Y, , , , , , , , , , ,Y, ,Y,Y, , ,No,, ,Yes,, ,, ,, ,Yes, ,"On August [XXX], 2024 at 11:19 PM PT a Waymo Autonomous Vehicle (Waymo AV) operating in San Francisco, California was in a collision involving a passenger car on [XXX] at [XXX]. 
The Waymo AV was stopped for a red light on northbound [XXX] at the intersection with [XXX] when a passenger car traveling eastbound on [XXX] made a right turn onto [XXX]. As the Waymo AV remained stopped, the oncoming passenger car pulled very close to the Waymo AV in an attempt to pass it in the narrow roadway with parked vehicles on both sides of the street. The Waymo AV then began reversing to create space between itself and the passenger car. As the Waymo AV was reversing, the Waymo AVs driver side front bumper made contact with the passenger cars driver side front bumper. At the time of the impact, the Waymo AVs Level 4 ADS was engaged in autonomous mode. Both vehicles sustained damage.
Waymo is reporting this crash under Request No. 1 of Standing General Order 2021-01 because a vehicle involved was towed away. Waymo may supplement or correct its reporting with additional information as it may become available.", ,True,94118,SAN_FRANCISCO,V2V Head-on,False,False,prior_june16,True,True,False,False,False,True,True,False,True,False,True,False
30270-8512,1,Waymo LLC,5-Day,,,SEP-2024,SADHW2S15R1, ,,Jaguar,I-Pace, ,2024.0, ,80d31b5144a91e5,1381.0, ,,5th Generation ADS, , ,5th Generation, , ,Version 9, , ,, ,Y,,, ,Y,Yes (specify below),"CA DMV, CA PUC",Yes,ADS,Waymo LLC, , ,Y, , , , , ,,SEP-2024, ,SEP-2024,02:54, ,893ca66fc11a25c,[MAY CONTAIN PERSONALLY IDENTIFIABLE INFORMATION], ,[MAY CONTAIN PERSONALLY IDENTIFIABLE INFORMATION], ,[MAY CONTAIN PERSONALLY IDENTIFIABLE INFORMATION], ,Los Angeles, ,CA ,[MAY CONTAIN PERSONALLY IDENTIFIABLE INFORMATION], ,Street,Dry,No Unusual Conditions,35.0, ,Dark - Lighted,Y, , , , , , , ,,Pickup Truck,No Injuries Reported,Yes,Backing,No,No,Y, , ,Y, , ,Y, , , , ,Proceeding Straight,No,Yes,Yes,26.0, , , , , , , ,Y,Y, , , , , ,Y, ,Y,Y, , ,No,, ,Yes,, ,, ,, ,Yes, ,"On September [XXX], 2024 at 2:54 AM PT a Waymo Autonomous Vehicle (""Waymo AV"") operating in Los Angeles, California was in a collision involving a pickup truck on [XXX] at [XXX]. 
The Waymo AV was traveling eastbound on [XXX] in the rightmost of the two eastbound travel lanes when a pickup truck began reversing out of a driveway located on the south side of the roadway. The rear of the pickup truck made contact with the rear passenger side and rear right corner of the Waymo AV as the Waymo AV passed. At the time of the impact, the Waymo AV's Level 4 ADS was engaged in autonomous mode. The Waymo AV sustained damage.
Waymo is reporting this crash under Request No. 1 of Standing General Order 2021-01 because a vehicle involved was towed away. Waymo may supplement or correct its reporting with additional information as it may become available.", ,False,90018,LOS_ANGELES,V2V Backing,False,False,prior_june16,True,True,False,False,False,True,True,False,True,True,True,False
30270-8513,1,Waymo LLC,5-Day,,,SEP-2024,SADHW2S16R1, ,,Jaguar,I-Pace, ,2024.0, ,f48ff35eafa2b0b,18249.0, ,,5th Generation ADS, , ,5th Generation, , ,Version 9, , ,, ,Y,,, ,Y,Yes (specify below),"CA DMV, CA PUC",Yes,ADS,Waymo LLC, , ,Y, , , , , ,,SEP-2024, ,SEP-2024,14:42, ,23dc208978b7787,[MAY CONTAIN PERSONALLY IDENTIFIABLE INFORMATION], ,[MAY CONTAIN PERSONALLY IDENTIFIABLE INFORMATION], ,[MAY CONTAIN PERSONALLY IDENTIFIABLE INFORMATION], ,San Francisco, ,CA ,[MAY CONTAIN PERSONALLY IDENTIFIABLE INFORMATION], ,Street,Dry,No Unusual Conditions,25.0, ,Daylight,Y, , , , , , , ,,"Other, see Narrative",No Injuries Reported,Yes,"Other, see Narrative",Not Applicable,Not Applicable, , , , , , , , , , ,Y,Proceeding Straight,No,Yes,Yes,20.0, , , , , , ,Y, , , , , , , ,Y, ,Y,Y, , ,No,, ,Yes,, ,, ,, ,Yes, ,"On September [XXX], 2024 at 2:42 PM PT a Waymo Autonomous Vehicle (""Waymo AV"") operating in San Francisco, California was in a collision involving a shopping cart on [XXX] near [XXX].
The Waymo AV was traveling southeast on [XXX] in the center lane of a three lane road when the front of the Waymo AV made contact with a shopping cart that was located in the center of the road. At the time of the impact, the Waymo AV's Level 4 ADS was engaged in autonomous mode. The Waymo AV sustained damage.
Waymo is reporting this crash under Request No. 1 of Standing General Order 2021-01 because the AV involved was towed away as a result of damage that detached the front license plate. Waymo may supplement or correct its reporting with additional information as it may become available.", ,True,94105,SAN_FRANCISCO,Single Vehicle,False,False,prior_june16,True,True,False,False,False,True,True,False,True,False,True,False
30270-8514,2,Waymo LLC,10-Day Update,,,SEP-2024,SADHW2S16R1, ,,Jaguar,I-Pace, ,2024.0, ,de56029a676ce2f,2573.0, ,,5th Generation ADS, , ,5th Generation, , ,Version 9, , ,, ,Y,,, ,Y,Yes (specify below),"CA DMV, CA PUC",Yes,ADS,Waymo LLC, , ,Y, , , , , ,,SEP-2024, ,SEP-2024,20:46, ,7fc8fab318eae00,[MAY CONTAIN PERSONALLY IDENTIFIABLE INFORMATION], ,[MAY CONTAIN PERSONALLY IDENTIFIABLE INFORMATION], ,[MAY CONTAIN PERSONALLY IDENTIFIABLE INFORMATION], ,San Francisco, ,CA ,[MAY CONTAIN PERSONALLY IDENTIFIABLE INFORMATION], ,Street,Dry,No Unusual Conditions,20.0, ,Dark - Lighted,Y, , , , , , , ,,Non-Motorist: Cyclist,No Injuries Reported,Yes,Passing,,, , , , , , , , , , , ,Stopped,No,No,No Passengers in Vehicle,0.0, ,Y, , , , , , , , , , , , ,Y, ,Y,Y, , ,No,, ,Yes,, ,, ,, ,Yes, ,"The content of this report is unchanged from the initial report submitted on September 6, 2024 [REDACTED, MAY CONTAIN CONFIDENTIAL BUSINESS INFORMATION]
On September [XXX], 2024 at 8:45 PM PT a Waymo Autonomous Vehicle (""Waymo AV"") operating in San Francisco, California was in a collision involving a cyclist on [XXX] at [XXX]. 
The AV was stopped at a red traffic light in the right turn lane of [XXX] at the intersection with [XXX] at a location where right turns on red are not permitted. A cyclist approached the Waymo AV from behind and began to pass the Waymo AV on the left, in between the dedicated right turn lane and the rightmost through lane (which was also occupied by two vehicles waiting at the red light), when the right side of the bicycle handlebar made contact with the rear left sensor of the Waymo AV. At the time of the impact, the Waymo AV's Level 4 ADS was engaged in autonomous mode. The Waymo AV sustained damage.
Waymo is reporting this crash under Request No. 1 of Standing General Order 2021-01 because a vulnerable road user was involved. Waymo may supplement or correct its reporting with additional information as it may become available.", ,False,94114,SAN_FRANCISCO,Cyclist,False,False,prior_june16,True,True,False,True,False,False,True,False,False,True,False,True
30270-8526,2,Waymo LLC,10-Day Update,,,SEP-2024,SADHW2S12R1, ,,Jaguar,I-Pace, ,2024.0, ,2066f6f4cd25ba4,14604.0, ,,5th Generation ADS, , ,5th Generation, , ,Version 9, , ,, ,Y,,, ,Y,Yes (specify below),"CA DMV, CA PUC",Yes,ADS,Waymo LLC, , ,Y, , , , , ,,SEP-2024, ,SEP-2024,11:08, ,85b2ac7e4bcaa36,[MAY CONTAIN PERSONALLY IDENTIFIABLE INFORMATION], ,[MAY CONTAIN PERSONALLY IDENTIFIABLE INFORMATION], ,[MAY CONTAIN PERSONALLY IDENTIFIABLE INFORMATION], ,Los Angeles, ,CA ,[MAY CONTAIN PERSONALLY IDENTIFIABLE INFORMATION], ,Street,Dry,No Unusual Conditions,35.0, ,Daylight,Y, , , , , , , ,,"Other, see Narrative",No Injuries Reported,Yes,"Other, see Narrative",Not Applicable,Not Applicable, , , , , , , , , , ,Y,Proceeding Straight,No,Yes,Yes,9.0, , ,Y, , , , , , , , , , , ,Y, ,Y,Y, , ,Yes,Los Angeles Police Department, ,Yes,[MAY CONTAIN PERSONALLY IDENTIFIABLE INFORMATION], ,[MAY CONTAIN PERSONALLY IDENTIFIABLE INFORMATION], ,,Y,Yes, ,"The content of this report is unchanged from the initial report submitted on September 9, 2024 [REDACTED, MAY CONTAIN CONFIDENTIAL BUSINESS INFORMATION]. 
On September [XXX], 2024 at 11:08 AM PT a Waymo Autonomous Vehicle (""Waymo AV"") operating in Los Angeles, California was in a collision involving a shopping cart on [XXX] at [XXX].
The Waymo AV was traveling eastbound in the left lane on [XXX] and began to slow while yielding to a pedestrian pulling a shopping cart while crossing [XXX] from the south side of the street outside of a crosswalk. As the Waymo AV approached, the pedestrian came to a stop in the center of [XXX] at the double yellow dividing line with the shopping cart still behind him in the left eastbound lane of travel. The Waymo AV continued slowing while yielding to the pedestrian and the cart and began to maneuver into the right lane of eastbound Venice Boulevard, behind a passing SUV, when the pedestrian pushed the shopping cart towards the Waymo AV and the shopping cart made contact with the driver side of the Waymo AV. The Waymo AV came to a stop in the roadway, still yielding to the pedestrian to the left of the vehicle, and the pedestrian inflicted further damage to the Waymo AV after the collision with the cart had occurred. At the time of the impact, the Waymo AV's Level 4 ADS was engaged in autonomous mode. The Waymo AV sustained damage.
Waymo is reporting this crash under Request No. 1 of Standing General Order 2021-01 because a vulnerable road user influenced the driving task of a vehicle involved. Waymo may supplement or correct its reporting with additional information as it may become available.", ,True,90019,LOS_ANGELES,Single Vehicle,True,False,prior_june16,True,True,False,False,False,True,True,False,False,False,True,False