Report ID,Report Version,Reporting Entity,Report Type,Report Month,Report Year,Report Submission Date,VIN,VIN - Unknown,Serial Number,Make,Model,Model - Unknown,Model Year,Model Year - Unknown,Same Vehicle ID,Mileage,Mileage - Unknown,Driver / Operator Type,ADAS/ADS System Version,ADAS/ADS System Version - Unk,ADAS/ADS System Version CBI,ADAS/ADS Hardware Version,ADAS/ADS Hardware Version - Unk,ADAS/ADS Hardware Version CBI,ADAS/ADS Software Version,ADAS/ADS Software Version - Unk,ADAS/ADS Software Version CBI,Other Reporting Entities?,Other Reporting Entities? - Unk,Other Reporting Entities? - NA,Federal Regulatory Exemption?,Other Federal Reg. Exemption,Federal Reg. Exemption - Unk,Federal Reg. Exemption - No,State or Local Permit?,State or Local Permit,ADS Equipped?,Automation System Engaged?,Operating Entity,Operating Entity - Unknown,Source - Complaint/Claim,Source - Telematics,Source - Law Enforcement,Source - Field Report,Source - Testing,Source - Media,Source - Other,Source - Other Text,Incident Date,Incident Date - Unknown,Notice Received Date,Incident Time (24:00),Incident Time - Unknown,Same Incident ID,Latitude,Latitude - Unknown,Longitude,Longitude - Unknown,Address,Address - Unknown,City,City - Unknown,State,Zip Code,Zip Code - Unknown,Roadway Type,Roadway Surface,Roadway Description,Posted Speed Limit (MPH),Posted Speed Limit - Unknown,Lighting,Weather - Clear,Weather - Snow,Weather - Cloudy,Weather - Fog/Smoke,Weather - Rain,Weather - Severe Wind,Weather - Unknown,Weather - Other,Weather - Other Text,Crash With,Highest Injury Severity Alleged,Property Damage?,CP Pre-Crash Movement,CP Any Air Bags Deployed?,CP Was Vehicle Towed?,CP Contact Area - Rear Left,CP Contact Area - Left,CP Contact Area - Front Left,CP Contact Area - Rear,CP Contact Area - Top,CP Contact Area - Front,CP Contact Area - Rear Right,CP Contact Area - Right,CP Contact Area - Front Right,CP Contact Area - Bottom,CP Contact Area - Unknown,SV Pre-Crash Movement,SV Any Air Bags Deployed?,SV Was Vehicle Towed?,SV Were All Passengers Belted?,SV Precrash Speed (MPH),SV Pre-crash Speed - Unknown,SV Contact Area - Rear Left,SV Contact Area - Left,SV Contact Area - Front Left,SV Contact Area - Rear,SV Contact Area - Top,SV Contact Area - Front,SV Contact Area - Rear Right,SV Contact Area - Right,SV Contact Area - Front Right,SV Contact Area - Bottom,SV Contact Area - Unknown,Data Availability - EDR,Data Availability - Police Rpt,Data Availability - Telematics,Data Availability - Complaints,Data Availability - Video,Data Availability - Other,Data Availability - No Data,Data Availability - Unknown,Law Enforcement Investigating?,Investigating Agency,Investigating Agency - Unknown,Rep Ent Or Mfr Investigating?,Investigating Officer Name,Inv. Officer Name - Unknown,Investigating Officer Phone,Inv. Officer Phone - Unknown,Investigating Officer Email,Inv. Officer Email - Unknown,Within ODD?,Within ODD? - CBI,Narrative,Narrative - CBI?,hub_delta_v_less_than_1mph,hub_zip_code,hub_location,hub_crash_type,hub_is_police_reported,hub_is_any_injury_reported,data_period,reportable_v2,reportable_v3,filter_has_injury,filter_is_vru,filter_has_airbag,filter_has_tow,filter_is_5day_trigger,filter_is_single_vehicle,filter_waymo_struck_another,filter_deltav_over_1mph,filter_waymo_was_moving,filter_waymo_was_stationary
30270-9583,1,Waymo LLC,Monthly,12.0,2024.0,JAN-2025,SADHW2S19R1, ,,JLR,I-PACE, ,2024.0, ,c83d79f88ad4fbc,3941.0, ,,5th Generation ADS, , ,5th Generation, , ,Version 9, , ,, ,Y,,, ,Y,Yes (specify below),"CA DMV, CA PUC",Yes,ADS,Waymo LLC, , ,Y, , , , , ,,DEC-2024, ,DEC-2024,08:19, ,5573d5c651733e4,[MAY CONTAIN PERSONALLY IDENTIFIABLE INFORMATION], ,[MAY CONTAIN PERSONALLY IDENTIFIABLE INFORMATION], ,[MAY CONTAIN PERSONALLY IDENTIFIABLE INFORMATION], ,San Francisco, ,CA ,[MAY CONTAIN PERSONALLY IDENTIFIABLE INFORMATION], ,Street,Dry,No Unusual Conditions,25.0, ,Daylight, , ,Y, , , , , ,,Passenger Car,Minor,Yes,Proceeding Straight,No,No, , , , , ,Y, , , , , ,Proceeding Straight,No,No,Yes,2.0, , , , ,Y, , , , , , , , , ,Y, ,Y,Y, , ,No,, ,Yes,, ,, ,, ,Yes, ,"On December [XXX], 2024 at 8:19 AM PT a Waymo Autonomous Vehicle (""Waymo AV"") operating in San Francisco, California was in a collision involving a passenger car on [XXX] at [XXX].
The Waymo AV was traveling east on [XXX] when it began to brake to yield to traffic ahead. As the Waymo AV continued to brake, a passenger car traveling directly behind the Waymo AV approached the Waymo AV from behind. The front of the passenger car then made contact with the rear of the Waymo AV. At the time of the impact, the Waymo AV's Level 4 ADS was engaged in autonomous mode. Both vehicles sustained damage. The passenger in the Waymo AV reported a minor injury.
Waymo is reporting this crash under Request No. 2 of Standing General Order 2021-01.  Waymo may supplement or correct its reporting with additional information as it may become available.", ,False,94104,SAN_FRANCISCO,V2V F2R,False,True,prior_june16,True,True,True,False,False,False,True,False,False,True,True,False
30270-9586,1,Waymo LLC,Monthly,12.0,2024.0,JAN-2025,SADHW2S1XR1, ,,JLR,I-PACE, ,2024.0, ,9ac05f7c953af63,11995.0, ,,5th Generation ADS, , ,5th Generation, , ,Version 9, , ,, ,Y,,, ,Y,Yes (specify below),"CA DMV, CA PUC",Yes,ADS,Waymo LLC, , ,Y, , , , , ,,DEC-2024, ,DEC-2024,07:10, ,88117eda2bc6d2d,[MAY CONTAIN PERSONALLY IDENTIFIABLE INFORMATION], ,[MAY CONTAIN PERSONALLY IDENTIFIABLE INFORMATION], ,[MAY CONTAIN PERSONALLY IDENTIFIABLE INFORMATION], ,San Francisco, ,CA ,[MAY CONTAIN PERSONALLY IDENTIFIABLE INFORMATION], ,Street,Wet,No Unusual Conditions,25.0, ,Dawn / Dusk, , , , ,Y, , , ,,Heavy Truck,No Injuries Reported,Yes,Proceeding Straight,No,No, ,Y, , , , , , , , , ,Stopped,No,No,"No, see Narrative",0.0, ,Y, , , , , , , , , , , , ,Y, ,Y,Y, , ,No,, ,Yes,, ,, ,, ,Yes, ,"On December [XXX], 2024 at 7:10 AM PT a Waymo Autonomous Vehicle (""Waymo AV"") operating in San Francisco, California was in a collision involving a heavy truck on [XXX] near [XXX]. 
The Waymo AV was traveling northwest on a narrow portion of [XXX] with vehicles parked along the curb in both directions, and came to a stop to allow a heavy truck traveling southeast on [XXX] to pass. As the heavy truck passed, the driver side of the trailer attached to the heavy truck made contact with the rear driver side of the Waymo AV. The passenger in the Waymo AV was not belted at the time of the collision, having buckled the belt behind them. At the time of the impact, the Waymo AV's Level 4 ADS was engaged in autonomous mode. The Waymo AV sustained damage.
Waymo is reporting this crash under Request No. 2 of Standing General Order 2021-01. Waymo may supplement or correct its reporting with additional information as it may become available.", ,False,94103,SAN_FRANCISCO,V2V Head-on,False,False,prior_june16,False,True,False,False,False,False,False,False,False,True,False,True
30270-9588,1,Waymo LLC,Monthly,12.0,2024.0,JAN-2025,SADHW2S12R1, ,,JLR,I-PACE, ,2024.0, ,1b18b4ceb8b8a78,7835.0, ,,5th Generation ADS, , ,5th Generation, , ,Version 9, , ,, ,Y,,, ,Y,Yes (specify below),"CA DMV, CA PUC",Yes,ADS,Waymo LLC, , ,Y, , , , , ,,DEC-2024, ,DEC-2024,16:42, ,9a8f592adfbc95a,[MAY CONTAIN PERSONALLY IDENTIFIABLE INFORMATION], ,[MAY CONTAIN PERSONALLY IDENTIFIABLE INFORMATION], ,[MAY CONTAIN PERSONALLY IDENTIFIABLE INFORMATION], ,Los Angeles, ,CA ,[MAY CONTAIN PERSONALLY IDENTIFIABLE INFORMATION], ,Street,Dry,No Unusual Conditions,35.0, ,Daylight,Y, , , , , , , ,,SUV,No Injuries Reported,Yes,Proceeding Straight,No,No, , , , , ,Y, , , , , ,Stopped,No,No,Yes,0.0, , , , ,Y, , , , , , , , , ,Y, ,Y,Y, , ,No,, ,Yes,, ,, ,, ,Yes, ,"On December [XXX], 2024 at 4:42 PM PT a Waymo Autonomous Vehicle (""Waymo AV"") operating in Los Angeles, California was in a collision involving an SUV on [XXX] at [XXX]. 
The Waymo AV was traveling eastbound on [XXX] and came to a stop in a queue of traffic for a red light at [XXX]. An SUV approached the Waymo AV from behind, and the front of the SUV made contact with the rear of the stationary Waymo AV. At the time of the impact, the Waymo AV's Level 4 ADS was engaged in autonomous mode. Both vehicles sustained damage.
Waymo is reporting this crash under Request No. 2 of Standing General Order 2021-01. Waymo may supplement or correct its reporting with additional information as it may become available.", ,False,90019,LOS_ANGELES,V2V F2R,False,False,prior_june16,False,True,False,False,False,False,False,False,False,True,False,True
30270-9589,1,Waymo LLC,Monthly,12.0,2024.0,JAN-2025,SADHW2S19R1, ,,JLR,I-PACE, ,2024.0, ,f03986dd311b615,4375.0, ,,5th Generation ADS, , ,5th Generation, , ,Version 9, , ,, ,Y,,, ,Y,Yes (specify below),"CA DMV, CA PUC",Yes,ADS,Waymo LLC, , ,Y, , , , , ,,DEC-2024, ,DEC-2024,02:30, ,8784abc6f18b453,[MAY CONTAIN PERSONALLY IDENTIFIABLE INFORMATION], ,[MAY CONTAIN PERSONALLY IDENTIFIABLE INFORMATION], ,[MAY CONTAIN PERSONALLY IDENTIFIABLE INFORMATION], ,Los Angeles, ,CA ,[MAY CONTAIN PERSONALLY IDENTIFIABLE INFORMATION], ,Intersection,Dry,No Unusual Conditions,35.0, ,Dark - Lighted,Y, , , , , , , ,,SUV,No Injuries Reported,Yes,Proceeding Straight,No,No, , , , , ,Y, , , , , ,Stopped,No,No,No Passengers in Vehicle,0.0, , , , ,Y, , , , , , , , , ,Y, ,Y,Y, , ,No,, ,Yes,, ,, ,, ,Yes, ,"On December [XXX], 2024 at 2:30 AM PT a Waymo Autonomous Vehicle (""Waymo AV"") operating in Los Angeles, California was in a collision involving an SUV on [XXX] at [XXX]. 
The Waymo AV was traveling northwest on [XXX] and came to a stop for a red light at the intersection with [XXX]. An SUV approached the Waymo AV from behind, and the front of the SUV made contact with the rear of the stationary Waymo AV. At the time of the impact, the Waymo AV's Level 4 ADS was engaged in autonomous mode. The SUV sustained damage.
Waymo is reporting this crash under Request No. 2 of Standing General Order 2021-01. Waymo may supplement or correct its reporting with additional information as it may become available.", ,False,90057,LOS_ANGELES,V2V F2R,False,False,prior_june16,False,True,False,False,False,False,False,False,False,True,False,True
30270-9590,1,Waymo LLC,Monthly,12.0,2024.0,JAN-2025,SADHW2S15R1, ,,JLR,I-PACE, ,2024.0, ,7d4ae6f422b2b48,28689.0, ,,5th Generation ADS, , ,5th Generation, , ,Version 9, , ,, ,Y,,, ,Y,Yes (specify below),"CA DMV, CA PUC",Yes,ADS,Waymo LLC, , ,Y, , , , , ,,DEC-2024, ,DEC-2024,01:31, ,62f0dc7503b9379,[MAY CONTAIN PERSONALLY IDENTIFIABLE INFORMATION], ,[MAY CONTAIN PERSONALLY IDENTIFIABLE INFORMATION], ,[MAY CONTAIN PERSONALLY IDENTIFIABLE INFORMATION], ,San Francisco, ,CA ,[MAY CONTAIN PERSONALLY IDENTIFIABLE INFORMATION], ,Intersection,Wet,No Unusual Conditions,30.0, ,Dark - Lighted, , ,Y, , , , , ,,SUV,No Injuries Reported,Yes,Proceeding Straight,No,No, , , , , ,Y, , , , , ,Stopped,No,No,No Passengers in Vehicle,0.0, , , , ,Y, , , , , , , , , ,Y, ,Y,Y, , ,No,, ,Yes,, ,, ,, ,Yes, ,"On December [XXX], 2024 at 1:31 AM PT a Waymo Autonomous Vehicle (""Waymo AV"") operating in San Francisco, California was in a collision involving an SUV on [XXX] at [XXX]. 
The Waymo AV was traveling southbound on [XXX] and stopped for a red light at the intersection with [XXX].  An SUV approached the Waymo AV from behind, and the front of the SUV made contact with the rear of the stationary Waymo AV. At the time of the impact, the Waymo AV's Level 4 ADS was engaged in autonomous mode. The Waymo AV sustained damage.
Waymo is reporting this crash under Request No. 2 of Standing General Order 2021-01. Waymo may supplement or correct its reporting with additional information as it may become available.", ,False,94112,SAN_FRANCISCO,V2V F2R,False,False,prior_june16,False,True,False,False,False,False,False,False,False,True,False,True
30270-9594,1,Waymo LLC,Monthly,12.0,2024.0,JAN-2025,SADHW2S11R1, ,,JLR,I-PACE, ,2024.0, ,610e2d16de1af29,43040.0, ,,5th Generation ADS, , ,5th Generation, , ,Version 9, , ,, ,Y,,, ,Y,Yes (specify below),"CA DMV, CA PUC",Yes,ADS,Waymo LLC, , ,Y, , , , , ,,DEC-2024, ,DEC-2024,00:53, ,a014d99d4ca7397,[MAY CONTAIN PERSONALLY IDENTIFIABLE INFORMATION], ,[MAY CONTAIN PERSONALLY IDENTIFIABLE INFORMATION], ,[MAY CONTAIN PERSONALLY IDENTIFIABLE INFORMATION], ,Los Angeles, ,CA ,[MAY CONTAIN PERSONALLY IDENTIFIABLE INFORMATION], ,Street,Dry,No Unusual Conditions,35.0, ,Dark - Lighted,Y, , , , , , , ,,SUV,No Injuries Reported,Yes,Proceeding Straight,No,No, , , , , ,Y, , , , , ,Stopped,No,No,Yes,0.0, , , , ,Y, , , , , , , , , ,Y, ,Y,Y, , ,No,, ,Yes,, ,, ,, ,Yes, ,"On December [XXX], 2024 at 12:53 AM PT a Waymo Autonomous Vehicle (""Waymo AV"") operating in Los Angeles, California was in a collision involving an SUV on [XXX] at [XXX]. 
The Waymo AV was traveling northbound on [XXX] and came to a stop in a queue of traffic for a red light at the intersection at [XXX]. An SUV approached the Waymo AV from behind, and the front of the SUV made contact with the rear of the stationary Waymo AV. At the time of the impact, the Waymo AV's Level 4 ADS was engaged in autonomous mode. Both vehicles sustained damage.
Waymo is reporting this crash under Request No. 2 of Standing General Order 2021-01. Waymo may supplement or correct its reporting with additional information as it may become available.", ,False,90005,LOS_ANGELES,V2V F2R,False,False,prior_june16,False,True,False,False,False,False,False,False,False,True,False,True
30270-9595,1,Waymo LLC,Monthly,12.0,2024.0,JAN-2025,SADHW2S15R1, ,,JLR,I-PACE, ,2024.0, ,0e239a9b1c0a234,19972.0, ,,5th Generation ADS, , ,5th Generation, , ,Version 9, , ,, ,Y,,, ,Y,Yes (specify below),"CA DMV, CA PUC",Yes,ADS,Waymo LLC, , ,Y, , , , , ,,DEC-2024, ,DEC-2024,09:11, ,e5989c0c5a1aece,[MAY CONTAIN PERSONALLY IDENTIFIABLE INFORMATION], ,[MAY CONTAIN PERSONALLY IDENTIFIABLE INFORMATION], ,[MAY CONTAIN PERSONALLY IDENTIFIABLE INFORMATION], ,San Francisco, ,CA ,[MAY CONTAIN PERSONALLY IDENTIFIABLE INFORMATION], ,Street,Dry,No Unusual Conditions,20.0, ,Daylight, , ,Y, , , , , ,,Pickup Truck,No Injuries Reported,Yes,Proceeding Straight,No,No, , , , , , , ,Y, , , ,Stopped,No,No,No Passengers in Vehicle,0.0, ,Y, , , , , , , , , , , , ,Y, ,Y,Y, , ,No,, ,Yes,, ,, ,, ,Yes, ,"On December [XXX], 2024 at 9:11 AM PT a Waymo Autonomous Vehicle (""Waymo AV"") operating in San Francisco, California was in a collision involving a pickup truck on [XXX] near [XXX]. 
The Waymo AV was stopped in the rightmost lane of northbound [XXX] after a passenger drop off. While the Waymo AV remained stopped, a pickup truck entered northbound [XXX] behind the Waymo AV as it was making a right turn from westbound [XXX]. As the pickup truck was passing the Waymo AV in the left adjacent lane, the passenger side of the pickup truck made contact with the rear driver side of the stopped Waymo AV. At the time of the impact, the Waymo AV's Level 4 ADS was engaged in autonomous mode. The pickup truck sustained damage.
Waymo is reporting this crash under Request No. 2 of Standing General Order 2021-01.", ,False,94108,SAN_FRANCISCO,V2V Lateral,False,False,prior_june16,False,True,False,False,False,False,False,False,False,True,False,True
30270-9602,1,Waymo LLC,Monthly,12.0,2024.0,JAN-2025,SADHW2S18R1, ,,JLR,I-PACE, ,2024.0, ,d532e82c07faf0b,19916.0, ,,5th Generation ADS, , ,5th Generation, , ,Version 9, , ,, ,Y,,, ,Y,Yes (specify below),"CA DMV, CA PUC",Yes,ADS,Waymo LLC, , ,Y, , , , , ,,DEC-2024, ,DEC-2024,18:58, ,44ad2cb21ceeeb6,[MAY CONTAIN PERSONALLY IDENTIFIABLE INFORMATION], ,[MAY CONTAIN PERSONALLY IDENTIFIABLE INFORMATION], ,[MAY CONTAIN PERSONALLY IDENTIFIABLE INFORMATION], ,San Francisco, ,CA ,[MAY CONTAIN PERSONALLY IDENTIFIABLE INFORMATION], ,Street,Dry,No Unusual Conditions,25.0, ,Dark - Lighted,Y, , , , , , , ,,Passenger Car,No Injuries Reported,Yes,Proceeding Straight,No,No, , , , , , , , ,Y, , ,Stopped,No,No,No Passengers in Vehicle,0.0, ,Y, , , , , , , , , , , , ,Y, ,Y,Y, , ,No,, ,Yes,, ,, ,, ,Yes, ,"On December [XXX], 2024 at 6:58 PM PT a Waymo Autonomous Vehicle (""Waymo AV"") operating in San Francisco, California was in a collision involving a passenger car on [XXX] at [XXX].
The Waymo AV was stopped in traffic for a red light on westbound [XXX] when a passenger car approached the Waymo AV from behind. The front passenger side of the passenger car made contact with the rear driver side of the Waymo AV. At the time of the impact, the Waymo AV's Level 4 ADS was engaged in autonomous mode. Both vehicles sustained damage.
Waymo is reporting this crash under Request No. 2 of Standing General Order 2021-01. Waymo may supplement or correct its reporting with additional information as it may become available.", ,False,94102,SAN_FRANCISCO,V2V F2R,False,False,prior_june16,False,True,False,False,False,False,False,False,False,True,False,True
30270-9603,1,Waymo LLC,Monthly,12.0,2024.0,JAN-2025,SADHW2S11R1, ,,JLR,I-PACE, ,2024.0, ,2c6cb507a6366c8,38849.0, ,,5th Generation ADS, , ,5th Generation, , ,Version 9, , ,, ,Y,,, ,Y,Yes (specify below),"CA DMV, CA PUC",Yes,ADS,Waymo LLC, , ,Y, , , , , ,,DEC-2024, ,DEC-2024,12:16, ,f8e33ead61bd6c0,[MAY CONTAIN PERSONALLY IDENTIFIABLE INFORMATION], ,[MAY CONTAIN PERSONALLY IDENTIFIABLE INFORMATION], ,[MAY CONTAIN PERSONALLY IDENTIFIABLE INFORMATION], ,Los Angeles, ,CA ,[MAY CONTAIN PERSONALLY IDENTIFIABLE INFORMATION], ,Intersection,Dry,No Unusual Conditions,30.0, ,Daylight,Y, , , , , , , ,,Passenger Car,No Injuries Reported,Yes,Proceeding Straight,No,No, , , , , ,Y, , , , , ,Proceeding Straight,No,No,No Passengers in Vehicle,1.0, , , , ,Y, , , , , , , , , ,Y, ,Y,Y, , ,No,, ,Yes,, ,, ,, ,Yes, ,"On December [XXX], 2024 at 12:16 PM PT a Waymo Autonomous Vehicle (""Waymo AV"") operating in Los Angeles, California was in a collision involving a passenger car on [XXX] at [XXX]. 
The Waymo was traveling south on [XXX] when it came to a stop at the three-way stop sign at the T-intersection with [XXX]. As the Waymo AV began to proceed forward at a low rate of speed, a passenger car that had been traveling behind the Waymo AV approached the Waymo AV from behind. The front of the passenger car made contact with the rear of the Waymo AV. At the time of the impact, the Waymo AV's Level 4 ADS was engaged in autonomous mode. Both vehicles sustained damage.
Waymo is reporting this crash under Request No. 2 of Standing General Order 2021-01. Waymo may supplement or correct its reporting with additional information as it may become available.", ,False,90019,LOS_ANGELES,V2V F2R,False,False,prior_june16,False,True,False,False,False,False,False,False,False,True,True,False
30270-9604,1,Waymo LLC,Monthly,12.0,2024.0,JAN-2025,SADHW2S1XR1, ,,JLR,I-PACE, ,2024.0, ,6b11d4088fb9e69,8720.0, ,,5th Generation ADS, , ,5th Generation, , ,Version 9, , ,, ,Y,,, ,Y,Yes (specify below),"CA DMV, CA PUC",Yes,ADS,Waymo LLC, , ,Y, , , , , ,,DEC-2024, ,DEC-2024,03:55, ,8997d2c23b85254,[MAY CONTAIN PERSONALLY IDENTIFIABLE INFORMATION], ,[MAY CONTAIN PERSONALLY IDENTIFIABLE INFORMATION], ,[MAY CONTAIN PERSONALLY IDENTIFIABLE INFORMATION], ,Los Angeles, ,CA ,[MAY CONTAIN PERSONALLY IDENTIFIABLE INFORMATION], ,Parking Lot,Dry,"Other, see Narrative",15.0, ,Dark - Lighted,Y, , , , , , , ,,"Other, see Narrative",No Injuries Reported,Yes,"Other, see Narrative",Not Applicable,Not Applicable, , , , , , , , , , ,Y,Proceeding Straight,No,No,No Passengers in Vehicle,3.0, , , ,Y, , , , , , , , , , ,Y, ,Y,Y, , ,No,, ,Yes,, ,, ,, ,Yes, ,"On December [XXX], 2024 at 3:55 AM PT a Waymo Autonomous Vehicle (""Waymo AV"") operating in Los Angeles, California was in a collision involving a fixed object (solar panel) in a parking lot at [XXX]. 
The Waymo AV was traveling through a parking lot at a low rate of speed when the front driver side of the Waymo AV made contact with the corner of a solar panel situated to the left of the Waymo AV. At the time of the impact, the Waymo AV's Level 4 ADS was engaged in autonomous mode. The Waymo AV sustained damage. 
Waymo is reporting this crash under Request No. 2 of Standing General Order 2021-01. Waymo may supplement or correct its reporting with additional information as it may become available.", ,True,90034,LOS_ANGELES,Single Vehicle,False,False,prior_june16,True,True,False,False,False,False,False,False,True,False,True,False
30270-9606,1,Waymo LLC,5-Day,,,JAN-2025,SADHW2S15R1, ,,JLR,I-PACE, ,2024.0, ,da9870749cbf827,40599.0, ,,5th Generation ADS, , ,5th Generation, , ,Version 9, , ,, ,Y,,, ,Y,Yes (specify below),"CA DMV, CA PUC",Yes,ADS,Waymo LLC, , ,Y, , , , , ,,JAN-2025, ,JAN-2025,09:21, ,7c362b5823f86a4,[MAY CONTAIN PERSONALLY IDENTIFIABLE INFORMATION], ,[MAY CONTAIN PERSONALLY IDENTIFIABLE INFORMATION], ,[MAY CONTAIN PERSONALLY IDENTIFIABLE INFORMATION], ,San Francisco, ,CA ,[MAY CONTAIN PERSONALLY IDENTIFIABLE INFORMATION], ,Street,Dry,No Unusual Conditions,25.0, ,Daylight,Y, , , , , , , ,,Heavy Truck,No Injuries Reported,Yes,"Other, see Narrative",No,No,Y, , , , , , , , , , ,"Other, see Narrative",No,Yes,No Passengers in Vehicle,1.0, , , , , , , , , ,Y, , , , ,Y, ,Y,Y, , ,No,, ,Yes,, ,, ,, ,Yes, ,"On January [XXX], 2025 at 9:21 AM PT a Waymo Autonomous Vehicle (Waymo AV) operating in San Francisco, California was in a collision involving a heavy truck on [XXX] near [XXX]. 
The Waymo AV was stopped on northwest [XXX] for a passenger drop off, with a heavy truck parked directly in front of it. After the Waymo AV completed the passenger drop off, the operator of the heavy truck began to lower the loading ramp attached to the rear of the heavy truck. The Waymo AV then proceeded to enter the rightmost lane of northwest [XXX] to maneuver around the left side of the heavy truck, but immediately came to a stop to yield to an SUV that was approaching in the rightmost lane. The Waymo AV then began to nudge to the left of the heavy truck at a low rate of speed as the ramp on the heavy truck continued to lower. As the Waymo AV was proceeding forward, the left corner of the ramp made contact with the passenger side of the Waymo AV. At the time of the impact, the Waymo AVs Level 4 ADS was engaged in autonomous mode. The Waymo AV sustained damage.
Waymo is reporting this crash under Request No. 1 of Standing General Order 2021-01 because a vehicle involved was towed away. Waymo may supplement or correct its reporting with additional information as it may become available.", ,False,94105,SAN_FRANCISCO,V2V Lateral,False,False,prior_june16,True,True,False,False,False,True,True,False,True,True,True,False
30270-9635,1,Waymo LLC,5-Day,,,JAN-2025,SADHW2S10R1, ,,Jaguar,I-PACE, ,2024.0, ,597501ee2911576,12830.0, ,,5th Generation ADS, , ,5th Generation, , ,Version 9, , ,, ,Y,,, ,Y,Yes (specify below),"CA DMV, CA PUC",Yes,ADS,Waymo LLC, , ,Y, , , , , ,,JAN-2025, ,JAN-2025,08:17, ,4f5c629dd98f12c,[MAY CONTAIN PERSONALLY IDENTIFIABLE INFORMATION], ,[MAY CONTAIN PERSONALLY IDENTIFIABLE INFORMATION], ,[MAY CONTAIN PERSONALLY IDENTIFIABLE INFORMATION], ,San Francisco, ,CA ,[MAY CONTAIN PERSONALLY IDENTIFIABLE INFORMATION], ,Street,Dry,No Unusual Conditions,25.0, ,Daylight,Y, , , , , , , ,,Passenger Car,No Injuries Reported,Yes,Proceeding Straight,No,No, , ,Y, , , , , , , , ,Stopped,No,Yes,No Passengers in Vehicle,0.0, , , , , , , ,Y, , , , , , ,Y, ,Y,Y, , ,No,, ,Yes,, ,, ,, ,Yes, ,"On January [XXX], 2025 at 8:17 AM PT a Waymo Autonomous Vehicle (Waymo AV) operating in San Francisco, California was in a collision involving a passenger car on [XXX] at [XXX]. 
The Waymo AV was traveling in the leftmost lane of westbound [XXX] when it slowed to a stop to yield to traffic ahead of it in the same lane. While the Waymo AV remained stopped, a passenger car traveling directly behind the Waymo AV approached the Waymo AV from behind. The front driver side of the passenger car made contact with the rear passenger side of the Waymo AV. At the time of the impact, the Waymo AVs Level 4 ADS was engaged in autonomous mode. Both vehicles sustained damage.
Waymo is reporting this crash under Request No. 1 of Standing General Order 2021-01 because a vehicle involved was towed away. Waymo may supplement or correct its reporting with additional information as it may become available.", ,False,94103,SAN_FRANCISCO,V2V F2R,False,False,prior_june16,True,True,False,False,False,True,True,False,False,True,False,True
30270-9654,2,Waymo LLC,10-Day Update,,,JAN-2025,SADHW2S13M1, ,,Jaguar,I-Pace, ,2021.0, ,e9264da131c0540,97413.0, ,,5th Generation ADS, , ,5th Generation, , ,Version 9, , ,, ,Y,,, ,Y,Yes (specify below),"CA DMV, CA PUC",Yes,ADS,Waymo LLC, , ,Y, , , , , ,,JAN-2025, ,JAN-2025,15:32, ,be9a4261e1e8663,[MAY CONTAIN PERSONALLY IDENTIFIABLE INFORMATION], ,[MAY CONTAIN PERSONALLY IDENTIFIABLE INFORMATION], ,[MAY CONTAIN PERSONALLY IDENTIFIABLE INFORMATION], ,San Francisco, ,CA ,[MAY CONTAIN PERSONALLY IDENTIFIABLE INFORMATION], ,Intersection,Dry,No Unusual Conditions,20.0, ,Daylight, , ,Y, , , , , ,,Non-Motorist: Cyclist,No Injuries Reported,Yes,Traveling Wrong Way,,, , , , , , , , , , , ,Stopped,No,No,Yes,0.0, , ,Y, , , , , , , , , , , ,Y, ,Y,Y, , ,No,, ,Yes,, ,, ,, ,Yes, ,"The content of this report is unchanged from the initial report submitted on January 14, 2025 [REDACTED, MAY CONTAIN CONFIDENTIAL BUSINESS INFORMATION]. 
On January [XXX], 2025 at 3:32 PM PT a Waymo Autonomous Vehicle (""Waymo AV"") operating in San Francisco, California was in a collision involving a cyclist on [XXX] at [XXX].
The Waymo AV was traveling northbound on [XXX] in the rightmost lane, and came to a stop for a red light at the intersection with [XXX]. While the Waymo AV remained stopped at the intersection, a cyclist traveling southbound against traffic proceeded through the intersection, passing the Waymo AV on the left, and the cyclist made contact with the driver side of the stationary Waymo AV. At the time of the impact, the Waymo AV's Level 4 ADS was engaged in autonomous mode. The Waymo AV sustained damage.
Waymo is reporting this crash under Request No. 1 of Standing General Order 2021-01 because a vulnerable road user was involved. Waymo may supplement or correct its reporting with additional information as it may become available.", ,False,94104,SAN_FRANCISCO,Cyclist,False,False,prior_june16,True,True,False,True,False,False,True,False,False,True,False,True
30270-9721,1,Waymo LLC,5-Day,,,JAN-2025,SADHW2S16R1, ,,Jaguar,I-Pace, ,2024.0, ,0df8cfd5d5e20fd,22237.0, ,,5th Generation ADS, , ,5th Generation, , ,Version 9, , ,, ,Y,,, ,Y,Yes (specify below),"CA DMV, CA PUC",Yes,ADS,Waymo LLC, , ,Y, , , , , ,,JAN-2025, ,JAN-2025,13:12, ,ce835234a7e3939,[MAY CONTAIN PERSONALLY IDENTIFIABLE INFORMATION], ,[MAY CONTAIN PERSONALLY IDENTIFIABLE INFORMATION], ,[MAY CONTAIN PERSONALLY IDENTIFIABLE INFORMATION], ,San Francisco, ,CA ,[MAY CONTAIN PERSONALLY IDENTIFIABLE INFORMATION], ,Intersection,Dry,No Unusual Conditions,20.0, ,Daylight,Y, , , , , , , ,,SUV,No Injuries Reported,Yes,Proceeding Straight,No,No, , , , , ,Y, , , , , ,Proceeding Straight,No,Yes,No Passengers in Vehicle,1.0, , , , ,Y, , , , , , , , , ,Y, ,Y,Y, , ,No,, ,Yes,, ,, ,, ,Yes, ,"On January [XXX], 2025 at 1:12 PM PT a Waymo Autonomous Vehicle (""Waymo AV"") operating in San Francisco, California was in a collision involving an SUV on [XXX] at [XXX]. 
The Waymo AV was traveling southbound on [XXX], approaching the five-way series of intersections with [XXX], [XXX], and [XXX] in order to proceed on [XXX]. The Waymo AV proceeded straight past the intersection where [XXX] intersects [XXX], with an SUV following behind. Then, the traffic light turned red before the Waymo AV began to cross [XXX]. The Waymo AV began slowing to stop within the crosswalk along [XXX], and the front of the trailing SUV made contact with the rear of the Waymo AV. At the time of the impact, the Waymo AV's Level 4 ADS was engaged in autonomous mode. Both vehicles sustained damage.
Waymo is reporting this crash under Request No. 1 of Standing General Order 2021-01 because a vehicle involved was towed away. Waymo may supplement or correct its reporting with additional information as it may become available.", ,False,94102,SAN_FRANCISCO,V2V F2R,False,False,prior_june16,True,True,False,False,False,True,True,False,False,True,True,False